
DELETE FROM users WHERE id >= 10042;
    INSERT INTO users(id, email, password, role, first_name, last_name, pesel, status)
VALUES
    ('10042','xniecko@example.net','xniecko@example.net','DOCTOR','Apolonia','Bakun','32012636625','ACTIVE'),
    ('10043','xgodyn@example.net','xgodyn@example.net','PATIENT','Iwo','Jaszczur','16272658489','ACTIVE'),
    ('10044','rafaldziurla@example.net','rafaldziurla@example.net','NURSE','Grzegorz','Borzym','21242818802','ACTIVE'),
    ('10045','kalwakprzemyslaw@example.com','kalwakprzemyslaw@example.com','DOCTOR','Eliza','Sommer','15021327870','LOCKED'),
    ('10046','apiestrzeniewicz@example.com','apiestrzeniewicz@example.com','DOCTOR','Agnieszka','Kręgiel','86011559232','LOCKED'),
    ('10047','jsmoczyk@example.org','jsmoczyk@example.org','ADMIN','Kornelia','Wałek','21072210717','ACTIVE'),
    ('10048','niesciormalwina@example.net','niesciormalwina@example.net','DOCTOR','Szymon','Antoń','10041461610','ACTIVE'),
    ('10049','emil19@example.com','emil19@example.com','NURSE','Tymoteusz','Jaśkowiec','46072691942','ACTIVE'),
    ('10050','malwinadelekta@example.net','malwinadelekta@example.net','DOCTOR','Tadeusz','Semik','60032880043','LOCKED'),
    ('10051','liwia18@example.com','liwia18@example.com','NURSE','Liwia','Krysik','77101504522','LOCKED'),
    ('10052','biankajuskiewicz@example.net','biankajuskiewicz@example.net','ADMIN','Ernest','Wika','08251001649','ACTIVE'),
    ('10053','alexsajewicz@example.org','alexsajewicz@example.org','ADMIN','Stefan','Kutera','76122771559','LOCKED'),
    ('10054','marek06@example.net','marek06@example.net','PATIENT','Kamil','Gwara','65111376161','ACTIVE'),
    ('10055','mariannaklekot@example.net','mariannaklekot@example.net','NURSE','Gustaw','Piwowarek','35052771020','LOCKED'),
    ('10056','kamilmoryc@example.org','kamilmoryc@example.org','ADMIN','Dorota','Miros','07221067483','NEW'),
    ('10057','usenator@example.net','usenator@example.net','PATIENT','Oliwier','Czubaszek','55120652226','ACTIVE'),
    ('10058','olgajob@example.net','olgajob@example.net','NURSE','Agnieszka','Choina','42071994062','NEW'),
    ('10059','kazimierzwladyka@example.net','kazimierzwladyka@example.net','DOCTOR','Aurelia','Wajer','19072719404','ACTIVE'),
    ('10060','marekhanusiak@example.org','marekhanusiak@example.org','ADMIN','Julian','Ciećko','84122869044','ACTIVE'),
    ('10061','koronkiewiczjulianna@example.org','koronkiewiczjulianna@example.org','PATIENT','Krystian','Gajdzik','57031188135','NEW'),
    ('10062','glapiakroza@example.net','glapiakroza@example.net','PATIENT','Kornel','Plona','60033062813','ACTIVE'),
    ('10063','damianjagielka@example.net','damianjagielka@example.net','ADMIN','Miłosz','Kaletka','38083077518','LOCKED'),
    ('10064','makskobak@example.org','makskobak@example.org','DOCTOR','Nela','Pompa','88021372485','NEW'),
    ('10065','hubertsieja@example.org','hubertsieja@example.org','DOCTOR','Wojciech','Piłka','04231861933','LOCKED'),
    ('10066','fgalek@example.com','fgalek@example.com','PATIENT','Ryszard','Moniuszko','12300304281','LOCKED'),
    ('10067','natan64@example.org','natan64@example.org','PATIENT','Aleksander','Koperek','28011718165','LOCKED'),
    ('10068','michalderek@example.org','michalderek@example.org','NURSE','Damian','Łuczyk','15220187048','LOCKED'),
    ('10069','gresztagabriel@example.com','gresztagabriel@example.com','DOCTOR','Mieszko','Świtaj','01222472356','ACTIVE'),
    ('10070','dorota83@example.net','dorota83@example.net','NURSE','Kajetan','Domurad','68111380411','NEW'),
    ('10071','ryszard40@example.net','ryszard40@example.net','DOCTOR','Mateusz','Przeklasa','06323115579','ACTIVE'),
    ('10072','plenc@example.com','plenc@example.com','DOCTOR','Maksymilian','Jaracz','55110479767','NEW'),
    ('10073','slokaaurelia@example.com','slokaaurelia@example.com','PATIENT','Natan','Sycz','69100141284','NEW'),
    ('10074','janinapilich@example.com','janinapilich@example.com','PATIENT','Kazimierz','Chwedoruk','77022845920','ACTIVE'),
    ('10075','strycharzandrzej@example.org','strycharzandrzej@example.org','PATIENT','Ida','Guziak','94022582697','NEW'),
    ('10076','xorzeszek@example.org','xorzeszek@example.org','NURSE','Antoni','Rochowiak','75031330215','LOCKED'),
    ('10077','pielechmaksymilian@example.com','pielechmaksymilian@example.com','PATIENT','Hubert','Lindner','99072002728','LOCKED'),
    ('10078','arturpanus@example.net','arturpanus@example.net','DOCTOR','Sylwia','Sosnówka','28020560801','LOCKED'),
    ('10079','ewelina80@example.net','ewelina80@example.net','NURSE','Alex','Wszoła','85080774511','LOCKED'),
    ('10080','krystianziarek@example.com','krystianziarek@example.com','NURSE','Arkadiusz','Kaszkowiak','15302353215','ACTIVE'),
    ('10081','tarasekwiktor@example.org','tarasekwiktor@example.org','ADMIN','Nicole','Kliber','72120650344','NEW'),
    ('10082','leonardszalkiewicz@example.com','leonardszalkiewicz@example.com','PATIENT','Konstanty','Sacharczuk','39033098579','LOCKED'),
    ('10083','cyprian31@example.net','cyprian31@example.net','NURSE','Jacek','Wyroba','27052547646','LOCKED'),
    ('10084','spula@example.net','spula@example.net','PATIENT','Liwia','Aleksandrzak','24260365262','ACTIVE'),
    ('10085','karol48@example.net','karol48@example.net','NURSE','Jędrzej','Fit','07221494371','ACTIVE'),
    ('10086','cciochon@example.net','cciochon@example.net','PATIENT','Natan','Matacz','83022369612','NEW'),
    ('10087','kuziakarina@example.com','kuziakarina@example.com','PATIENT','Julita','Worach','26110509589','ACTIVE'),
    ('10088','fkurcz@example.org','fkurcz@example.org','NURSE','Gustaw','Maligłówka','64060879554','LOCKED'),
    ('10089','pzagozda@example.org','pzagozda@example.org','PATIENT','Olgierd','Botor','97060197397','ACTIVE'),
    ('10090','jan19@example.org','jan19@example.org','ADMIN','Błażej','Lemieszek','64080241151','NEW'),
    ('10091','szureklidia@example.org','szureklidia@example.org','ADMIN','Kacper','Wałdoch','21021582106','ACTIVE'),
    ('10092','cezary95@example.com','cezary95@example.com','PATIENT','Artur','Kuziora','67091064829','ACTIVE'),
    ('10093','biankanawoj@example.net','biankanawoj@example.net','NURSE','Albert','Dulik','89090890908','LOCKED'),
    ('10094','tobiasz46@example.com','tobiasz46@example.com','PATIENT','Eliza','Kurach','48061784493','LOCKED'),
    ('10095','fwiaderek@example.com','fwiaderek@example.com','ADMIN','Marcin','Mydlarz','10310921337','LOCKED'),
    ('10096','bajkomaks@example.org','bajkomaks@example.org','ADMIN','Jeremi','Pleban','11060949785','NEW'),
    ('10097','tarachgustaw@example.net','tarachgustaw@example.net','NURSE','Kalina','Ambrożewicz','17261249295','ACTIVE'),
    ('10098','filip68@example.org','filip68@example.org','ADMIN','Sandra','Kuciel','20321879332','ACTIVE'),
    ('10099','bakakamil@example.com','bakakamil@example.com','DOCTOR','Jeremi','Gubernat','92013099733','ACTIVE'),
    ('10100','danielskutnik@example.com','danielskutnik@example.com','NURSE','Elżbieta','Pawliczek','70100450696','LOCKED'),
    ('10101','lemiesziwo@example.org','lemiesziwo@example.org','NURSE','Dagmara','Suchoń','45052506661','LOCKED'),
    ('10102','kaja00@example.org','kaja00@example.org','ADMIN','Inga','Kosidło','74033027981','LOCKED'),
    ('10103','jozefhajdasz@example.org','jozefhajdasz@example.org','DOCTOR','Janina','Żółtek','80022036397','NEW'),
    ('10104','wojciechgolofit@example.org','wojciechgolofit@example.org','ADMIN','Leonard','Lamch','92121149038','LOCKED'),
    ('10105','angelikakamyszek@example.com','angelikakamyszek@example.com','ADMIN','Maciej','Stachewicz','82011478485','LOCKED'),
    ('10106','kamilseweryniak@example.net','kamilseweryniak@example.net','PATIENT','Przemysław','Łasica','15020635620','LOCKED'),
    ('10107','arkadiuszrodzen@example.org','arkadiuszrodzen@example.org','DOCTOR','Jerzy','Obarzanek','94102217905','LOCKED'),
    ('10108','mheinrich@example.com','mheinrich@example.com','DOCTOR','Rozalia','Steinke','66111830271','LOCKED'),
    ('10109','dornakajetan@example.org','dornakajetan@example.org','PATIENT','Bartek','Mironiuk','54090324829','LOCKED'),
    ('10110','jmiszkurka@example.net','jmiszkurka@example.net','PATIENT','Fabian','Hak','66111984543','ACTIVE'),
    ('10111','gstoj@example.org','gstoj@example.org','PATIENT','Gabriel','Omiotek','61120333894','NEW'),
    ('10112','erykkokosza@example.org','erykkokosza@example.org','NURSE','Józef','Migda','21290883638','NEW'),
    ('10113','tola16@example.com','tola16@example.com','DOCTOR','Melania','Windak','54111449241','LOCKED'),
    ('10114','pawel31@example.net','pawel31@example.net','PATIENT','Sylwia','Staniewicz','95032159947','LOCKED'),
    ('10115','albert42@example.org','albert42@example.org','NURSE','Sonia','Królczyk','78110661080','LOCKED'),
    ('10116','lradzewicz@example.net','lradzewicz@example.net','DOCTOR','Ada','Kopczyk','62051736785','LOCKED'),
    ('10117','brunolokaj@example.com','brunolokaj@example.com','PATIENT','Mariusz','Trybuś','69060510261','LOCKED'),
    ('10118','bzawiasa@example.net','bzawiasa@example.net','NURSE','Anna Maria','Pyszczek','02222241342','ACTIVE'),
    ('10119','jedrzej58@example.org','jedrzej58@example.org','PATIENT','Rozalia','Burczak','73071797447','ACTIVE'),
    ('10120','lkoscik@example.org','lkoscik@example.org','DOCTOR','Kornelia','Starzak','21212246712','LOCKED'),
    ('10121','jedraszczyksara@example.org','jedraszczyksara@example.org','PATIENT','Kaja','Kosz','69080156355','NEW'),
    ('10122','pietrektadeusz@example.com','pietrektadeusz@example.com','DOCTOR','Ernest','Ostręga','21293033177','ACTIVE'),
    ('10123','tomaszgrund@example.org','tomaszgrund@example.org','PATIENT','Eliza','Dacko','72040787858','NEW'),
    ('10124','kornelroter@example.org','kornelroter@example.org','NURSE','Elżbieta','Mizak','11282749893','ACTIVE'),
    ('10125','winnikolaf@example.org','winnikolaf@example.org','NURSE','Arkadiusz','Lada','34020216437','LOCKED'),
    ('10126','tadeuszlepka@example.org','tadeuszlepka@example.org','DOCTOR','Przemysław','Godzwon','32042419676','ACTIVE'),
    ('10127','tylkaaleks@example.com','tylkaaleks@example.com','ADMIN','Tymon','Stępka','56040399442','ACTIVE'),
    ('10128','eoczkowicz@example.com','eoczkowicz@example.com','NURSE','Bartek','Rejek','17221936416','ACTIVE'),
    ('10129','ida91@example.org','ida91@example.org','ADMIN','Anna Maria','Mamcarz','72010894173','LOCKED'),
    ('10130','kajetanpizon@example.com','kajetanpizon@example.com','NURSE','Wiktor','Pułka','70092316635','NEW'),
    ('10131','achmielak@example.org','achmielak@example.org','ADMIN','Ewelina','Wietecha','13071555995','ACTIVE'),
    ('10132','nicolesarniak@example.org','nicolesarniak@example.org','NURSE','Emil','Fik','34052012393','LOCKED'),
    ('10133','konrad98@example.com','konrad98@example.com','PATIENT','Bianka','Czerkies','62101923200','NEW'),
    ('10134','tszostak@example.net','tszostak@example.net','PATIENT','Ida','Kościuszko','77110828167','NEW'),
    ('10135','franciszek37@example.net','franciszek37@example.net','ADMIN','Adrianna','Bobko','19051432289','ACTIVE'),
    ('10136','marcelinakudra@example.net','marcelinakudra@example.net','NURSE','Klara','Machowicz','13302716784','ACTIVE'),
    ('10137','saraborun@example.net','saraborun@example.net','DOCTOR','Konstanty','Seweryniak','03230115890','NEW'),
    ('10138','wiktorfrania@example.net','wiktorfrania@example.net','DOCTOR','Gabriel','Krzysiek','29051146369','LOCKED'),
    ('10139','sarajedryczka@example.com','sarajedryczka@example.com','NURSE','Olgierd','Brodowicz','46051818016','LOCKED'),
    ('10140','olafkorab@example.org','olafkorab@example.org','NURSE','Rozalia','Bobel','59030356621','ACTIVE'),
    ('10141','nalazekgabriel@example.com','nalazekgabriel@example.com','DOCTOR','Apolonia','Rubaj','33061733356','LOCKED');

DELETE FROM visits WHERE id >= 10042;
    INSERT INTO visits(id, patient_id, doctor_id, start_date, duration, doctor_notes, cancel)
VALUES
    ('10162','10110','10045','1999-01-28 02:01:21','19',NULL,'1999-01-29 02:01:21'),
    ('10163','10092','10065','1970-11-20 18:55:40','22','Okres zgoda wychodzić nauczycielka.','1970-11-24 18:55:40'),
    ('10171','10121','10048','2004-08-24 18:57:07','20',NULL,NULL),
    ('10176','10119','10065','1981-01-30 12:02:12','15',NULL,NULL),
    ('10180','10086','10138','1996-03-05 14:27:21','51','Zawsze wąski Słowacja terytorium sam (…).','1996-03-14 14:27:21'),
    ('10184','10054','10045','1983-05-21 23:43:07','42',NULL,NULL),
    ('10190','10111','10120','1998-02-09 21:14:10','41','Powstać gleba lewy specjalny powstać.',NULL),
    ('10196','10057','10116','1997-04-18 15:08:22','18','Poprzez półwysep budować ptak zająć.','1997-04-21 15:08:22'),
    ('10197','10134','10065','1988-08-31 13:56:34','28',NULL,'1988-09-08 13:56:34'),
    ('10204','10092','10108','2016-06-10 22:53:49','21','Dwudziesty silny okazja wspólny ulica hotel.',NULL),
    ('10207','10110','10069','2008-06-27 03:11:16','15','Kuchnia zapomnieć spotkanie toponim rozmiar.','2008-07-06 03:11:16'),
    ('10213','10134','10078','2022-10-25 02:43:51','18','Rzecz znajdować tyle częściowo.',NULL),
    ('10221','10067','10107','1984-03-04 07:42:56','27',NULL,NULL),
    ('10231','10134','10120','2020-07-21 05:38:31','17',NULL,NULL),
    ('10239','10086','10137','1993-12-23 03:27:19','29','Gwiazdozbiór stosować radość brzydki.','1993-12-26 03:27:19'),
    ('10242','10086','10120','1977-03-24 12:00:50','43','Wywołać zbiór twój zegar wchodzić.',NULL),
    ('10251','10089','10099','1980-07-23 04:36:34','20',NULL,'1980-07-24 04:36:34'),
    ('10252','10119','10103','1978-11-12 07:39:41','19',NULL,NULL),
    ('10259','10119','10113','2015-03-27 00:27:14','36','Przyrząd Słońce zamiast zbiór matka ząb.',NULL),
    ('10266','10077','10116','2008-08-06 18:35:09','34',NULL,'2008-08-10 18:35:09'),
    ('10269','10043','10078','1997-09-27 17:02:38','24','Dodatek 0 odnosić się większy gruby jak sztuczny znowu.','1997-10-04 17:02:38'),
    ('10277','10110','10103','2006-09-14 02:21:24','13','Dziesięć reakcja mąka strach zwierzę aktor.',NULL),
    ('10281','10074','10046','1985-06-10 01:24:21','35',NULL,NULL),
    ('10284','10067','10042','1987-12-31 13:02:23','44',NULL,NULL),
    ('10285','10106','10064','2015-04-16 14:59:44','34','Jak plaża krótki lud parlament żydowski jeździć właściciel.',NULL),
    ('10290','10114','10064','2000-04-15 02:56:39','9','Azja żywność zachowanie kapelusz.',NULL),
    ('10293','10094','10103','1986-09-03 08:36:11','47',NULL,'1986-09-12 08:36:11'),
    ('10294','10133','10103','2001-01-22 15:26:43','57',NULL,'2001-01-29 15:26:43'),
    ('10302','10043','10108','2005-10-17 10:53:14','59',NULL,NULL),
    ('10307','10094','10065','1990-03-14 18:33:40','49',NULL,NULL),
    ('10308','10057','10071','2013-09-22 05:57:03','19',NULL,NULL),
    ('10317','10074','10141','1978-09-21 05:08:32','42','Tłum obowiązek pałac artystyczny żołądek padać rola.','1978-09-30 05:08:32'),
    ('10318','10123','10064','1984-12-18 19:10:23','23',NULL,NULL),
    ('10327','10123','10046','1989-07-01 19:12:03','30',NULL,NULL),
    ('10333','10075','10120','2011-07-23 20:48:17','44',NULL,'2011-07-25 20:48:17'),
    ('10334','10110','10064','2020-02-07 18:56:32','21','Ochrona rozumieć utrzymywać lista stały silnik.',NULL),
    ('10341','10121','10126','1970-10-08 19:20:33','42','Zachowanie północny przyjęcie instytucja wrócić wysoko czerwony.',NULL),
    ('10349','10057','10122','1996-04-11 17:45:25','7','Pojemnik nazwa postać promień flaga gniew.','1996-04-17 17:45:25'),
    ('10350','10057','10065','2007-01-15 07:52:08','48','Nic ksiądz nieść Ukraina śmiech.','2007-01-16 07:52:08'),
    ('10358','10077','10103','1975-03-09 20:08:11','49',NULL,'1975-03-16 20:08:11'),
    ('10368','10087','10138','1990-10-21 10:05:33','36',NULL,'1990-10-25 10:05:33'),
    ('10371','10073','10048','1981-12-19 23:08:19','34','Minerał między termin twardy brudny tłumaczyć.',NULL),
    ('10379','10075','10141','1973-06-25 23:25:41','24','Znów poniedziałek ocena powstać cmentarz rodzinny autobus.','1973-07-03 23:25:41'),
    ('10385','10117','10108','2021-12-30 00:16:51','50','Stół sylaba miesiąc podobny hotel.',NULL),
    ('10391','10117','10050','2020-08-02 16:33:38','31','Palić wszystkie wcześnie wtorek większość czekolada.',NULL),
    ('10397','10086','10048','1971-06-25 23:57:12','53','Przeciwko byk bogini.',NULL),
    ('10404','10109','10099','1996-05-27 11:26:52','44','Południe waluta towar cichy ogólny wieś.','1996-06-04 11:26:52'),
    ('10405','10073','10107','1997-02-11 05:46:53','45',NULL,'1997-02-16 05:46:53'),
    ('10409','10114','10069','1976-06-10 09:00:33','34','Wieczór orzeł zawierać parlament wizyta.','1976-06-14 09:00:33'),
    ('10413','10074','10042','2005-05-27 14:14:55','41','Stanowisko przykład świeży Rzym pierś gałąź.','2005-05-28 14:14:55');

DELETE FROM e_receipt WHERE id >= 10042;
    INSERT INTO e_receipt(id, patient_id, doctor_id, date, visit_id)
VALUES
    ('10164','10092','10065','1970-11-20 19:06:40','10163'),
    ('10169','10092','10065','1970-11-20 19:07:40','10163'),
    ('10172','10121','10048','2004-08-24 19:01:07','10171'),
    ('10177','10119','10065','1981-01-30 12:04:12','10176'),
    ('10181','10086','10138','1996-03-05 14:31:21','10180'),
    ('10185','10054','10045','1983-05-21 23:46:07','10184'),
    ('10188','10054','10045','1983-05-21 23:54:07','10184'),
    ('10191','10111','10120','1998-02-09 21:21:10','10190'),
    ('10194','10111','10120','1998-02-09 21:28:10','10190'),
    ('10198','10134','10065','1988-08-31 14:02:34','10197'),
    ('10200','10134','10065','1988-08-31 14:00:34','10197'),
    ('10205','10092','10108','2016-06-10 22:59:49','10204'),
    ('10208','10110','10069','2008-06-27 03:13:16','10207'),
    ('10210','10110','10069','2008-06-27 03:18:16','10207'),
    ('10214','10134','10078','2022-10-25 02:51:51','10213'),
    ('10217','10134','10078','2022-10-25 02:56:51','10213'),
    ('10222','10067','10107','1984-03-04 07:47:56','10221'),
    ('10227','10067','10107','1984-03-04 07:53:56','10221'),
    ('10232','10134','10120','2020-07-21 05:50:31','10231'),
    ('10235','10134','10120','2020-07-21 05:51:31','10231'),
    ('10240','10086','10137','1993-12-23 03:35:19','10239'),
    ('10243','10086','10120','1977-03-24 12:05:50','10242'),
    ('10248','10086','10120','1977-03-24 12:02:50','10242'),
    ('10253','10119','10103','1978-11-12 07:44:41','10252'),
    ('10255','10119','10103','1978-11-12 07:51:41','10252'),
    ('10260','10119','10113','2015-03-27 00:33:14','10259'),
    ('10263','10119','10113','2015-03-27 00:31:14','10259'),
    ('10267','10077','10116','2008-08-06 18:49:09','10266'),
    ('10270','10043','10078','1997-09-27 17:12:38','10269'),
    ('10273','10043','10078','1997-09-27 17:10:38','10269'),
    ('10278','10110','10103','2006-09-14 02:28:24','10277'),
    ('10282','10074','10046','1985-06-10 01:29:21','10281'),
    ('10286','10106','10064','2015-04-16 15:12:44','10285'),
    ('10288','10106','10064','2015-04-16 15:10:44','10285'),
    ('10291','10114','10064','2000-04-15 03:08:39','10290'),
    ('10295','10133','10103','2001-01-22 15:35:43','10294'),
    ('10298','10133','10103','2001-01-22 15:34:43','10294'),
    ('10303','10043','10108','2005-10-17 11:00:14','10302'),
    ('10309','10057','10071','2013-09-22 06:04:03','10308'),
    ('10314','10057','10071','2013-09-22 06:10:03','10308'),
    ('10319','10123','10064','1984-12-18 19:20:23','10318'),
    ('10322','10123','10064','1984-12-18 19:22:23','10318'),
    ('10328','10123','10046','1989-07-01 19:18:03','10327'),
    ('10330','10123','10046','1989-07-01 19:23:03','10327'),
    ('10335','10110','10064','2020-02-07 18:59:32','10334'),
    ('10338','10110','10064','2020-02-07 18:58:32','10334'),
    ('10342','10121','10126','1970-10-08 19:25:33','10341'),
    ('10345','10121','10126','1970-10-08 19:31:33','10341'),
    ('10351','10057','10065','2007-01-15 07:58:08','10350'),
    ('10353','10057','10065','2007-01-15 08:04:08','10350'),
    ('10359','10077','10103','1975-03-09 20:10:11','10358'),
    ('10364','10077','10103','1975-03-09 20:18:11','10358'),
    ('10369','10087','10138','1990-10-21 10:15:33','10368'),
    ('10372','10073','10048','1981-12-19 23:14:19','10371'),
    ('10376','10073','10048','1981-12-19 23:21:19','10371'),
    ('10380','10075','10141','1973-06-25 23:35:41','10379'),
    ('10386','10117','10108','2021-12-30 00:30:51','10385'),
    ('10389','10117','10108','2021-12-30 00:25:51','10385'),
    ('10392','10117','10050','2020-08-02 16:40:38','10391'),
    ('10398','10086','10048','1971-06-26 00:03:12','10397'),
    ('10400','10086','10048','1971-06-26 00:03:12','10397'),
    ('10406','10073','10107','1997-02-11 05:52:53','10405'),
    ('10410','10114','10069','1976-06-10 09:03:33','10409'),
    ('10414','10074','10042','2005-05-27 14:23:55','10413'),
    ('10418','10074','10042','2005-05-27 14:28:55','10413');

DELETE FROM receipt_drugs WHERE id >= 10042;
    INSERT INTO receipt_drugs(id, drug_id, ereceipt_id, amount, expiration_date)
VALUES
    ('10165','10149','10164','4','1971-07-16 18:55:40'),
    ('10166','10148','10164','1','1971-02-07 18:55:40'),
    ('10167','10155','10164','3','1971-07-24 18:55:40'),
    ('10168','10155','10164','4','1971-01-16 18:55:40'),
    ('10170','10143','10169','4','1971-06-11 18:55:40'),
    ('10173','10156','10172','2','2004-10-31 18:57:07'),
    ('10174','10156','10172','1','2004-10-18 18:57:07'),
    ('10175','10159','10172','1','2004-11-09 18:57:07'),
    ('10178','10154','10177','1','1981-09-16 12:02:12'),
    ('10179','10150','10177','4','1981-07-25 12:02:12'),
    ('10182','10151','10181','2','1996-05-03 14:27:21'),
    ('10183','10160','10181','1','1996-09-11 14:27:21'),
    ('10186','10144','10185','1','1983-10-18 23:43:07'),
    ('10187','10154','10185','1','1983-10-24 23:43:07'),
    ('10189','10161','10188','1','1984-01-20 23:43:07'),
    ('10192','10150','10191','4','1998-05-17 21:14:10'),
    ('10193','10151','10191','4','1998-08-19 21:14:10'),
    ('10195','10142','10194','4','1998-05-01 21:14:10'),
    ('10199','10159','10198','3','1988-11-22 13:56:34'),
    ('10201','10145','10200','1','1988-12-18 13:56:34'),
    ('10202','10150','10200','3','1989-01-15 13:56:34'),
    ('10203','10152','10200','2','1989-02-12 13:56:34'),
    ('10206','10142','10205','3','2016-09-14 22:53:49'),
    ('10209','10144','10208','2','2008-08-14 03:11:16'),
    ('10211','10155','10210','2','2008-08-17 03:11:16'),
    ('10212','10151','10210','3','2008-08-16 03:11:16'),
    ('10215','10149','10214','2','2023-02-22 02:43:51'),
    ('10216','10155','10214','1','2023-02-23 02:43:51'),
    ('10218','10155','10217','2','2023-04-09 02:43:51'),
    ('10219','10147','10217','1','2023-06-07 02:43:51'),
    ('10220','10143','10217','4','2023-03-17 02:43:51'),
    ('10223','10152','10222','3','1984-05-08 07:42:56'),
    ('10224','10150','10222','3','1984-12-19 07:42:56'),
    ('10225','10154','10222','3','1984-04-17 07:42:56'),
    ('10226','10145','10222','3','1984-07-03 07:42:56'),
    ('10228','10143','10227','1','1984-11-11 07:42:56'),
    ('10229','10153','10227','3','1984-11-12 07:42:56'),
    ('10230','10161','10227','1','1984-10-17 07:42:56'),
    ('10233','10153','10232','4','2020-09-24 05:38:31'),
    ('10234','10152','10232','3','2020-10-22 05:38:31'),
    ('10236','10158','10235','3','2021-03-17 05:38:31'),
    ('10237','10152','10235','4','2021-01-18 05:38:31'),
    ('10238','10159','10235','2','2020-11-26 05:38:31'),
    ('10241','10151','10240','3','1994-05-09 03:27:19'),
    ('10244','10147','10243','1','1977-09-15 12:00:50'),
    ('10245','10158','10243','3','1977-06-09 12:00:50'),
    ('10246','10149','10243','3','1977-08-16 12:00:50'),
    ('10247','10148','10243','2','1977-05-05 12:00:50'),
    ('10249','10157','10248','1','1977-12-12 12:00:50'),
    ('10250','10155','10248','2','1977-11-05 12:00:50'),
    ('10254','10156','10253','2','1979-08-06 07:39:41'),
    ('10256','10156','10255','4','1979-07-28 07:39:41'),
    ('10257','10147','10255','4','1979-07-30 07:39:41'),
    ('10258','10150','10255','2','1979-05-02 07:39:41'),
    ('10261','10150','10260','3','2015-10-06 00:27:14'),
    ('10262','10159','10260','1','2015-07-05 00:27:14'),
    ('10264','10154','10263','2','2015-08-13 00:27:14'),
    ('10265','10144','10263','4','2015-11-20 00:27:14'),
    ('10268','10160','10267','4','2009-05-07 18:35:09'),
    ('10271','10157','10270','2','1998-03-15 17:02:38'),
    ('10272','10155','10270','4','1997-11-10 17:02:38'),
    ('10274','10154','10273','2','1998-06-23 17:02:38'),
    ('10275','10146','10273','1','1998-05-16 17:02:38'),
    ('10276','10160','10273','1','1997-12-08 17:02:38'),
    ('10279','10156','10278','3','2007-04-04 02:21:24'),
    ('10280','10154','10278','3','2007-05-17 02:21:24'),
    ('10283','10143','10282','1','1985-11-13 01:24:21'),
    ('10287','10147','10286','3','2015-07-10 14:59:44'),
    ('10289','10151','10288','4','2015-12-05 14:59:44'),
    ('10292','10160','10291','1','2000-11-08 02:56:39'),
    ('10296','10155','10295','2','2001-11-15 15:26:43'),
    ('10297','10150','10295','4','2001-10-17 15:26:43'),
    ('10299','10152','10298','2','2001-04-06 15:26:43'),
    ('10300','10150','10298','4','2001-06-25 15:26:43'),
    ('10301','10156','10298','4','2001-08-12 15:26:43'),
    ('10304','10161','10303','3','2005-11-21 10:53:14'),
    ('10305','10158','10303','2','2005-12-29 10:53:14'),
    ('10306','10149','10303','4','2006-07-24 10:53:14'),
    ('10310','10159','10309','3','2014-05-27 05:57:03'),
    ('10311','10159','10309','3','2014-04-20 05:57:03'),
    ('10312','10156','10309','3','2014-03-27 05:57:03'),
    ('10313','10150','10309','2','2013-12-22 05:57:03'),
    ('10315','10152','10314','1','2014-01-24 05:57:03'),
    ('10316','10148','10314','2','2014-06-26 05:57:03'),
    ('10320','10150','10319','1','1985-02-13 19:10:23'),
    ('10321','10159','10319','3','1985-03-22 19:10:23'),
    ('10323','10145','10322','1','1985-06-11 19:10:23'),
    ('10324','10157','10322','4','1985-08-30 19:10:23'),
    ('10325','10152','10322','2','1985-02-12 19:10:23'),
    ('10326','10150','10322','4','1985-03-16 19:10:23'),
    ('10329','10149','10328','1','1990-03-01 19:12:03'),
    ('10331','10158','10330','4','1990-03-18 19:12:03'),
    ('10332','10156','10330','3','1990-03-07 19:12:03'),
    ('10336','10142','10335','4','2020-10-24 18:56:32'),
    ('10337','10161','10335','4','2020-08-04 18:56:32'),
    ('10339','10151','10338','3','2020-10-26 18:56:32'),
    ('10340','10144','10338','2','2020-07-21 18:56:32'),
    ('10343','10150','10342','2','1970-12-13 19:20:33'),
    ('10344','10143','10342','2','1971-04-13 19:20:33'),
    ('10346','10156','10345','1','1971-07-04 19:20:33'),
    ('10347','10151','10345','4','1971-03-26 19:20:33'),
    ('10348','10158','10345','4','1971-06-19 19:20:33'),
    ('10352','10147','10351','4','2007-11-06 07:52:08'),
    ('10354','10150','10353','2','2007-09-25 07:52:08'),
    ('10355','10157','10353','1','2007-10-12 07:52:08'),
    ('10356','10153','10353','4','2007-08-03 07:52:08'),
    ('10357','10152','10353','1','2007-05-07 07:52:08'),
    ('10360','10144','10359','3','1975-08-15 20:08:11'),
    ('10361','10152','10359','1','1975-10-31 20:08:11'),
    ('10362','10158','10359','1','1975-11-30 20:08:11'),
    ('10363','10155','10359','1','1975-07-13 20:08:11'),
    ('10365','10161','10364','4','1975-11-20 20:08:11'),
    ('10366','10143','10364','2','1975-08-22 20:08:11'),
    ('10367','10159','10364','2','1975-09-02 20:08:11'),
    ('10370','10159','10369','4','1991-01-06 10:05:33'),
    ('10373','10155','10372','4','1982-09-16 23:08:19'),
    ('10374','10149','10372','4','1982-04-02 23:08:19'),
    ('10375','10154','10372','2','1982-10-05 23:08:19'),
    ('10377','10144','10376','3','1982-08-18 23:08:19'),
    ('10378','10152','10376','3','1982-01-19 23:08:19'),
    ('10381','10153','10380','3','1974-02-03 23:25:41'),
    ('10382','10156','10380','3','1973-10-29 23:25:41'),
    ('10383','10149','10380','4','1973-11-21 23:25:41'),
    ('10384','10155','10380','1','1974-01-03 23:25:41'),
    ('10387','10157','10386','1','2022-04-03 00:16:51'),
    ('10388','10158','10386','3','2022-03-21 00:16:51'),
    ('10390','10158','10389','4','2022-02-05 00:16:51'),
    ('10393','10144','10392','3','2021-03-14 16:33:38'),
    ('10394','10152','10392','4','2020-09-19 16:33:38'),
    ('10395','10161','10392','1','2020-12-30 16:33:38'),
    ('10396','10151','10392','2','2020-10-17 16:33:38'),
    ('10399','10143','10398','3','1971-08-22 23:57:12'),
    ('10401','10153','10400','4','1971-10-07 23:57:12'),
    ('10402','10149','10400','4','1971-10-25 23:57:12'),
    ('10403','10147','10400','2','1971-09-03 23:57:12'),
    ('10407','10144','10406','4','1997-09-05 05:46:53'),
    ('10408','10160','10406','3','1997-10-16 05:46:53'),
    ('10411','10154','10410','3','1976-12-08 09:00:33'),
    ('10412','10151','10410','1','1977-01-28 09:00:33'),
    ('10415','10149','10414','3','2005-10-16 14:14:55'),
    ('10416','10148','10414','3','2005-09-04 14:14:55'),
    ('10417','10145','10414','1','2005-12-01 14:14:55'),
    ('10419','10143','10418','3','2005-09-01 14:14:55'),
    ('10420','10144','10418','3','2005-12-10 14:14:55'),
    ('10421','10155','10418','2','2005-10-06 14:14:55'),
    ('10422','10146','10418','3','2006-03-09 14:14:55');

DELETE FROM drugs WHERE id >= 10042;
    INSERT INTO drugs(id, name, vendor, stock)
VALUES
    ('10142','Singulair','GlaxoSmithKline','166'),
    ('10143','Aspirin','Moderna','573'),
    ('10144','Seroquel','Moderna','696'),
    ('10145','Tecfidera','Johnson & Johnson','650'),
    ('10146','Crestor','Novartis','736'),
    ('10147','Humira','Bayer','486'),
    ('10148','Enbrel','Gilead Sciences','343'),
    ('10149','Plavix','Novartis','2'),
    ('10150','Avastin','Bayer','288'),
    ('10151','Eylea','Johnson & Johnson','926'),
    ('10152','Lipitor','Johnson & Johnson','864'),
    ('10153','Rituxan','Merck','651'),
    ('10154','Advair','Bayer','222'),
    ('10155','Herceptin','Novartis','558'),
    ('10156','Remicade','GlaxoSmithKline','287'),
    ('10157','Abilify','AstraZeneca','510'),
    ('10158','Ocrevus','AstraZeneca','909'),
    ('10159','Lantus','Gilead Sciences','444'),
    ('10160','Nexium','GlaxoSmithKline','420'),
    ('10161','Lucentis','Johnson & Johnson','866');

DELETE FROM schedule WHERE id >= 10042;
    INSERT INTO schedule(id, personnel_id, start_date, end_date)
VALUES
    ('10423','10042','2024-07-16 15:00:00','2024-07-16 23:00:00'),
    ('10424','10042','2024-07-18 22:00:00','2024-07-19 06:00:00'),
    ('10425','10042','2024-07-21 05:00:00','2024-07-21 13:00:00'),
    ('10426','10042','2024-07-23 12:00:00','2024-07-23 20:00:00'),
    ('10427','10042','2024-07-25 19:00:00','2024-07-26 03:00:00'),
    ('10428','10042','2024-07-27 02:00:00','2024-07-27 10:00:00'),
    ('10429','10042','2024-07-28 09:00:00','2024-07-28 17:00:00'),
    ('10430','10042','2024-07-30 16:00:00','2024-07-31 00:00:00'),
    ('10431','10042','2024-08-02 15:00:00','2024-08-02 23:00:00'),
    ('10432','10042','2024-08-04 22:00:00','2024-08-05 06:00:00'),
    ('10433','10042','2024-08-07 13:00:00','2024-08-07 21:00:00'),
    ('10434','10042','2024-08-09 20:00:00','2024-08-10 04:00:00'),
    ('10435','10042','2024-08-12 19:00:00','2024-08-13 03:00:00'),
    ('10436','10042','2024-08-14 02:00:00','2024-08-14 10:00:00'),
    ('10437','10042','2024-08-16 09:00:00','2024-08-16 17:00:00'),
    ('10438','10042','2024-08-17 16:00:00','2024-08-18 00:00:00'),
    ('10439','10042','2024-08-19 23:00:00','2024-08-20 07:00:00'),
    ('10440','10042','2024-08-22 06:00:00','2024-08-22 14:00:00'),
    ('10441','10044','2024-07-16 23:00:00','2024-07-17 07:00:00'),
    ('10442','10044','2024-07-19 22:00:00','2024-07-20 06:00:00'),
    ('10443','10044','2024-07-21 21:00:00','2024-07-22 05:00:00'),
    ('10444','10044','2024-07-24 04:00:00','2024-07-24 12:00:00'),
    ('10445','10044','2024-07-25 11:00:00','2024-07-25 19:00:00'),
    ('10446','10044','2024-07-26 18:00:00','2024-07-27 02:00:00'),
    ('10447','10044','2024-07-29 01:00:00','2024-07-29 09:00:00'),
    ('10448','10044','2024-08-01 00:00:00','2024-08-01 08:00:00'),
    ('10449','10044','2024-08-03 23:00:00','2024-08-04 07:00:00'),
    ('10450','10044','2024-08-06 14:00:00','2024-08-06 22:00:00'),
    ('10451','10044','2024-08-09 13:00:00','2024-08-09 21:00:00'),
    ('10452','10044','2024-08-10 20:00:00','2024-08-11 04:00:00'),
    ('10453','10044','2024-08-13 19:00:00','2024-08-14 03:00:00'),
    ('10454','10045','2024-07-16 23:00:00','2024-07-17 07:00:00'),
    ('10455','10045','2024-07-18 06:00:00','2024-07-18 14:00:00'),
    ('10456','10045','2024-07-19 21:00:00','2024-07-20 05:00:00'),
    ('10457','10045','2024-07-21 04:00:00','2024-07-21 12:00:00'),
    ('10458','10045','2024-07-23 03:00:00','2024-07-23 11:00:00'),
    ('10459','10045','2024-07-24 18:00:00','2024-07-25 02:00:00'),
    ('10460','10045','2024-07-26 01:00:00','2024-07-26 09:00:00'),
    ('10461','10045','2024-07-27 16:00:00','2024-07-28 00:00:00'),
    ('10462','10045','2024-07-29 07:00:00','2024-07-29 15:00:00'),
    ('10463','10045','2024-07-30 14:00:00','2024-07-30 22:00:00'),
    ('10464','10045','2024-08-01 13:00:00','2024-08-01 21:00:00'),
    ('10465','10045','2024-08-03 20:00:00','2024-08-04 04:00:00'),
    ('10466','10045','2024-08-05 11:00:00','2024-08-05 19:00:00'),
    ('10467','10045','2024-08-07 10:00:00','2024-08-07 18:00:00'),
    ('10468','10045','2024-08-08 17:00:00','2024-08-09 01:00:00'),
    ('10469','10045','2024-08-11 08:00:00','2024-08-11 16:00:00'),
    ('10470','10045','2024-08-12 15:00:00','2024-08-12 23:00:00'),
    ('10471','10045','2024-08-15 14:00:00','2024-08-15 22:00:00'),
    ('10472','10045','2024-08-18 13:00:00','2024-08-18 21:00:00'),
    ('10473','10045','2024-08-20 12:00:00','2024-08-20 20:00:00'),
    ('10474','10045','2024-08-23 03:00:00','2024-08-23 11:00:00'),
    ('10475','10045','2024-08-25 18:00:00','2024-08-26 02:00:00'),
    ('10476','10045','2024-08-27 01:00:00','2024-08-27 09:00:00'),
    ('10477','10045','2024-08-28 08:00:00','2024-08-28 16:00:00'),
    ('10478','10045','2024-08-29 23:00:00','2024-08-30 07:00:00'),
    ('10479','10045','2024-09-01 22:00:00','2024-09-02 06:00:00'),
    ('10480','10045','2024-09-04 05:00:00','2024-09-04 13:00:00'),
    ('10481','10045','2024-09-06 20:00:00','2024-09-07 04:00:00'),
    ('10482','10045','2024-09-09 03:00:00','2024-09-09 11:00:00'),
    ('10483','10046','2024-07-16 23:00:00','2024-07-17 07:00:00'),
    ('10484','10046','2024-07-19 14:00:00','2024-07-19 22:00:00'),
    ('10485','10046','2024-07-20 21:00:00','2024-07-21 05:00:00'),
    ('10486','10046','2024-07-23 04:00:00','2024-07-23 12:00:00'),
    ('10487','10046','2024-07-25 19:00:00','2024-07-26 03:00:00'),
    ('10488','10046','2024-07-28 02:00:00','2024-07-28 10:00:00'),
    ('10489','10046','2024-07-29 09:00:00','2024-07-29 17:00:00'),
    ('10490','10046','2024-08-01 00:00:00','2024-08-01 08:00:00'),
    ('10491','10046','2024-08-02 23:00:00','2024-08-03 07:00:00'),
    ('10492','10046','2024-08-04 14:00:00','2024-08-04 22:00:00'),
    ('10493','10046','2024-08-05 21:00:00','2024-08-06 05:00:00'),
    ('10494','10046','2024-08-07 04:00:00','2024-08-07 12:00:00'),
    ('10495','10046','2024-08-08 11:00:00','2024-08-08 19:00:00'),
    ('10496','10046','2024-08-11 10:00:00','2024-08-11 18:00:00'),
    ('10497','10046','2024-08-13 17:00:00','2024-08-14 01:00:00'),
    ('10498','10046','2024-08-16 08:00:00','2024-08-16 16:00:00'),
    ('10499','10046','2024-08-18 23:00:00','2024-08-19 07:00:00'),
    ('10500','10046','2024-08-20 14:00:00','2024-08-20 22:00:00'),
    ('10501','10046','2024-08-23 13:00:00','2024-08-23 21:00:00'),
    ('10502','10046','2024-08-26 12:00:00','2024-08-26 20:00:00'),
    ('10503','10046','2024-08-27 19:00:00','2024-08-28 03:00:00'),
    ('10504','10046','2024-08-29 10:00:00','2024-08-29 18:00:00'),
    ('10505','10046','2024-08-31 01:00:00','2024-08-31 09:00:00'),
    ('10506','10046','2024-09-02 08:00:00','2024-09-02 16:00:00'),
    ('10507','10046','2024-09-04 23:00:00','2024-09-05 07:00:00'),
    ('10508','10048','2024-07-17 23:00:00','2024-07-18 07:00:00'),
    ('10509','10048','2024-07-20 06:00:00','2024-07-20 14:00:00'),
    ('10510','10048','2024-07-23 05:00:00','2024-07-23 13:00:00'),
    ('10511','10048','2024-07-25 04:00:00','2024-07-25 12:00:00'),
    ('10512','10048','2024-07-26 11:00:00','2024-07-26 19:00:00'),
    ('10513','10048','2024-07-29 10:00:00','2024-07-29 18:00:00'),
    ('10514','10048','2024-07-31 17:00:00','2024-08-01 01:00:00'),
    ('10515','10048','2024-08-02 08:00:00','2024-08-02 16:00:00'),
    ('10516','10048','2024-08-03 15:00:00','2024-08-03 23:00:00'),
    ('10517','10048','2024-08-06 06:00:00','2024-08-06 14:00:00'),
    ('10518','10048','2024-08-08 05:00:00','2024-08-08 13:00:00'),
    ('10519','10048','2024-08-09 12:00:00','2024-08-09 20:00:00'),
    ('10520','10048','2024-08-11 19:00:00','2024-08-12 03:00:00'),
    ('10521','10049','2024-07-17 23:00:00','2024-07-18 07:00:00'),
    ('10522','10049','2024-07-20 14:00:00','2024-07-20 22:00:00'),
    ('10523','10049','2024-07-22 21:00:00','2024-07-23 05:00:00'),
    ('10524','10049','2024-07-25 12:00:00','2024-07-25 20:00:00'),
    ('10525','10049','2024-07-27 11:00:00','2024-07-27 19:00:00'),
    ('10526','10049','2024-07-29 10:00:00','2024-07-29 18:00:00'),
    ('10527','10049','2024-08-01 01:00:00','2024-08-01 09:00:00'),
    ('10528','10049','2024-08-02 08:00:00','2024-08-02 16:00:00'),
    ('10529','10049','2024-08-03 15:00:00','2024-08-03 23:00:00'),
    ('10530','10049','2024-08-04 22:00:00','2024-08-05 06:00:00'),
    ('10531','10049','2024-08-07 13:00:00','2024-08-07 21:00:00'),
    ('10532','10049','2024-08-09 12:00:00','2024-08-09 20:00:00'),
    ('10533','10049','2024-08-11 11:00:00','2024-08-11 19:00:00'),
    ('10534','10049','2024-08-13 02:00:00','2024-08-13 10:00:00'),
    ('10535','10049','2024-08-15 17:00:00','2024-08-16 01:00:00'),
    ('10536','10049','2024-08-18 00:00:00','2024-08-18 08:00:00'),
    ('10537','10049','2024-08-20 07:00:00','2024-08-20 15:00:00'),
    ('10538','10049','2024-08-23 06:00:00','2024-08-23 14:00:00'),
    ('10539','10049','2024-08-25 13:00:00','2024-08-25 21:00:00'),
    ('10540','10049','2024-08-27 20:00:00','2024-08-28 04:00:00'),
    ('10541','10049','2024-08-30 03:00:00','2024-08-30 11:00:00'),
    ('10542','10049','2024-09-02 02:00:00','2024-09-02 10:00:00'),
    ('10543','10049','2024-09-04 09:00:00','2024-09-04 17:00:00'),
    ('10544','10050','2024-07-16 07:00:00','2024-07-16 15:00:00'),
    ('10545','10050','2024-07-18 22:00:00','2024-07-19 06:00:00'),
    ('10546','10050','2024-07-20 13:00:00','2024-07-20 21:00:00'),
    ('10547','10050','2024-07-22 12:00:00','2024-07-22 20:00:00'),
    ('10548','10050','2024-07-23 19:00:00','2024-07-24 03:00:00'),
    ('10549','10050','2024-07-26 10:00:00','2024-07-26 18:00:00'),
    ('10550','10050','2024-07-28 17:00:00','2024-07-29 01:00:00'),
    ('10551','10050','2024-07-30 00:00:00','2024-07-30 08:00:00'),
    ('10552','10050','2024-07-31 15:00:00','2024-07-31 23:00:00'),
    ('10553','10050','2024-08-02 22:00:00','2024-08-03 06:00:00'),
    ('10554','10050','2024-08-04 13:00:00','2024-08-04 21:00:00'),
    ('10555','10050','2024-08-07 12:00:00','2024-08-07 20:00:00'),
    ('10556','10051','2024-07-16 07:00:00','2024-07-16 15:00:00'),
    ('10557','10051','2024-07-19 06:00:00','2024-07-19 14:00:00'),
    ('10558','10051','2024-07-21 21:00:00','2024-07-22 05:00:00'),
    ('10559','10051','2024-07-23 12:00:00','2024-07-23 20:00:00'),
    ('10560','10051','2024-07-24 19:00:00','2024-07-25 03:00:00'),
    ('10561','10051','2024-07-27 02:00:00','2024-07-27 10:00:00'),
    ('10562','10051','2024-07-29 17:00:00','2024-07-30 01:00:00'),
    ('10563','10051','2024-07-31 16:00:00','2024-08-01 00:00:00'),
    ('10564','10051','2024-08-02 23:00:00','2024-08-03 07:00:00'),
    ('10565','10051','2024-08-04 06:00:00','2024-08-04 14:00:00'),
    ('10566','10051','2024-08-06 13:00:00','2024-08-06 21:00:00'),
    ('10567','10051','2024-08-08 12:00:00','2024-08-08 20:00:00'),
    ('10568','10051','2024-08-10 03:00:00','2024-08-10 11:00:00'),
    ('10569','10051','2024-08-12 02:00:00','2024-08-12 10:00:00'),
    ('10570','10051','2024-08-13 17:00:00','2024-08-14 01:00:00'),
    ('10571','10051','2024-08-15 00:00:00','2024-08-15 08:00:00'),
    ('10572','10051','2024-08-16 07:00:00','2024-08-16 15:00:00'),
    ('10573','10051','2024-08-17 22:00:00','2024-08-18 06:00:00'),
    ('10574','10051','2024-08-19 05:00:00','2024-08-19 13:00:00'),
    ('10575','10051','2024-08-20 20:00:00','2024-08-21 04:00:00'),
    ('10576','10051','2024-08-22 03:00:00','2024-08-22 11:00:00'),
    ('10577','10051','2024-08-24 10:00:00','2024-08-24 18:00:00'),
    ('10578','10051','2024-08-27 09:00:00','2024-08-27 17:00:00'),
    ('10579','10051','2024-08-29 16:00:00','2024-08-30 00:00:00'),
    ('10580','10051','2024-08-31 07:00:00','2024-08-31 15:00:00'),
    ('10581','10051','2024-09-03 06:00:00','2024-09-03 14:00:00'),
    ('10582','10051','2024-09-05 13:00:00','2024-09-05 21:00:00'),
    ('10583','10051','2024-09-07 20:00:00','2024-09-08 04:00:00'),
    ('10584','10051','2024-09-09 03:00:00','2024-09-09 11:00:00'),
    ('10585','10055','2024-07-17 23:00:00','2024-07-18 07:00:00'),
    ('10586','10055','2024-07-20 06:00:00','2024-07-20 14:00:00'),
    ('10587','10055','2024-07-21 13:00:00','2024-07-21 21:00:00'),
    ('10588','10055','2024-07-23 04:00:00','2024-07-23 12:00:00'),
    ('10589','10055','2024-07-25 19:00:00','2024-07-26 03:00:00'),
    ('10590','10055','2024-07-28 10:00:00','2024-07-28 18:00:00'),
    ('10591','10055','2024-07-30 17:00:00','2024-07-31 01:00:00'),
    ('10592','10055','2024-08-01 16:00:00','2024-08-02 00:00:00'),
    ('10593','10055','2024-08-04 07:00:00','2024-08-04 15:00:00'),
    ('10594','10055','2024-08-07 06:00:00','2024-08-07 14:00:00'),
    ('10595','10055','2024-08-08 13:00:00','2024-08-08 21:00:00'),
    ('10596','10055','2024-08-10 20:00:00','2024-08-11 04:00:00'),
    ('10597','10055','2024-08-12 11:00:00','2024-08-12 19:00:00'),
    ('10598','10055','2024-08-14 18:00:00','2024-08-15 02:00:00'),
    ('10599','10058','2024-07-17 23:00:00','2024-07-18 07:00:00'),
    ('10600','10058','2024-07-19 22:00:00','2024-07-20 06:00:00'),
    ('10601','10058','2024-07-21 05:00:00','2024-07-21 13:00:00'),
    ('10602','10058','2024-07-24 04:00:00','2024-07-24 12:00:00'),
    ('10603','10058','2024-07-27 03:00:00','2024-07-27 11:00:00'),
    ('10604','10058','2024-07-29 18:00:00','2024-07-30 02:00:00'),
    ('10605','10058','2024-08-01 01:00:00','2024-08-01 09:00:00'),
    ('10606','10058','2024-08-02 08:00:00','2024-08-02 16:00:00'),
    ('10607','10058','2024-08-03 15:00:00','2024-08-03 23:00:00'),
    ('10608','10058','2024-08-06 06:00:00','2024-08-06 14:00:00'),
    ('10609','10058','2024-08-07 13:00:00','2024-08-07 21:00:00'),
    ('10610','10058','2024-08-08 20:00:00','2024-08-09 04:00:00'),
    ('10611','10058','2024-08-10 03:00:00','2024-08-10 11:00:00'),
    ('10612','10058','2024-08-12 18:00:00','2024-08-13 02:00:00'),
    ('10613','10059','2024-07-16 23:00:00','2024-07-17 07:00:00'),
    ('10614','10059','2024-07-19 06:00:00','2024-07-19 14:00:00'),
    ('10615','10059','2024-07-21 13:00:00','2024-07-21 21:00:00'),
    ('10616','10059','2024-07-23 20:00:00','2024-07-24 04:00:00'),
    ('10617','10059','2024-07-26 11:00:00','2024-07-26 19:00:00'),
    ('10618','10059','2024-07-27 18:00:00','2024-07-28 02:00:00'),
    ('10619','10059','2024-07-30 17:00:00','2024-07-31 01:00:00'),
    ('10620','10059','2024-08-02 00:00:00','2024-08-02 08:00:00'),
    ('10621','10059','2024-08-03 07:00:00','2024-08-03 15:00:00'),
    ('10622','10059','2024-08-05 14:00:00','2024-08-05 22:00:00'),
    ('10623','10059','2024-08-07 21:00:00','2024-08-08 05:00:00'),
    ('10624','10059','2024-08-09 12:00:00','2024-08-09 20:00:00'),
    ('10625','10059','2024-08-12 11:00:00','2024-08-12 19:00:00'),
    ('10626','10059','2024-08-13 18:00:00','2024-08-14 02:00:00'),
    ('10627','10059','2024-08-16 01:00:00','2024-08-16 09:00:00'),
    ('10628','10059','2024-08-18 08:00:00','2024-08-18 16:00:00'),
    ('10629','10059','2024-08-20 23:00:00','2024-08-21 07:00:00'),
    ('10630','10059','2024-08-22 14:00:00','2024-08-22 22:00:00'),
    ('10631','10059','2024-08-23 21:00:00','2024-08-24 05:00:00'),
    ('10632','10059','2024-08-26 12:00:00','2024-08-26 20:00:00'),
    ('10633','10059','2024-08-28 19:00:00','2024-08-29 03:00:00'),
    ('10634','10059','2024-08-31 02:00:00','2024-08-31 10:00:00'),
    ('10635','10059','2024-09-03 01:00:00','2024-09-03 09:00:00'),
    ('10636','10059','2024-09-05 16:00:00','2024-09-06 00:00:00'),
    ('10637','10059','2024-09-07 23:00:00','2024-09-08 07:00:00'),
    ('10638','10059','2024-09-10 14:00:00','2024-09-10 22:00:00'),
    ('10639','10064','2024-07-17 23:00:00','2024-07-18 07:00:00'),
    ('10640','10064','2024-07-20 14:00:00','2024-07-20 22:00:00'),
    ('10641','10064','2024-07-23 13:00:00','2024-07-23 21:00:00'),
    ('10642','10064','2024-07-26 04:00:00','2024-07-26 12:00:00'),
    ('10643','10064','2024-07-28 11:00:00','2024-07-28 19:00:00'),
    ('10644','10064','2024-07-31 02:00:00','2024-07-31 10:00:00'),
    ('10645','10064','2024-08-01 17:00:00','2024-08-02 01:00:00'),
    ('10646','10064','2024-08-04 00:00:00','2024-08-04 08:00:00'),
    ('10647','10064','2024-08-05 07:00:00','2024-08-05 15:00:00'),
    ('10648','10064','2024-08-06 14:00:00','2024-08-06 22:00:00'),
    ('10649','10064','2024-08-09 13:00:00','2024-08-09 21:00:00'),
    ('10650','10064','2024-08-12 04:00:00','2024-08-12 12:00:00'),
    ('10651','10064','2024-08-13 11:00:00','2024-08-13 19:00:00'),
    ('10652','10064','2024-08-15 18:00:00','2024-08-16 02:00:00'),
    ('10653','10064','2024-08-18 17:00:00','2024-08-19 01:00:00'),
    ('10654','10065','2024-07-17 15:00:00','2024-07-17 23:00:00'),
    ('10655','10065','2024-07-18 22:00:00','2024-07-19 06:00:00'),
    ('10656','10065','2024-07-20 05:00:00','2024-07-20 13:00:00'),
    ('10657','10065','2024-07-22 12:00:00','2024-07-22 20:00:00'),
    ('10658','10065','2024-07-24 11:00:00','2024-07-24 19:00:00'),
    ('10659','10065','2024-07-27 02:00:00','2024-07-27 10:00:00'),
    ('10660','10065','2024-07-30 01:00:00','2024-07-30 09:00:00'),
    ('10661','10065','2024-07-31 16:00:00','2024-08-01 00:00:00'),
    ('10662','10065','2024-08-02 23:00:00','2024-08-03 07:00:00'),
    ('10663','10065','2024-08-05 06:00:00','2024-08-05 14:00:00'),
    ('10664','10065','2024-08-06 13:00:00','2024-08-06 21:00:00'),
    ('10665','10065','2024-08-08 20:00:00','2024-08-09 04:00:00'),
    ('10666','10065','2024-08-10 03:00:00','2024-08-10 11:00:00'),
    ('10667','10065','2024-08-11 10:00:00','2024-08-11 18:00:00'),
    ('10668','10068','2024-07-16 23:00:00','2024-07-17 07:00:00'),
    ('10669','10068','2024-07-18 22:00:00','2024-07-19 06:00:00'),
    ('10670','10068','2024-07-21 05:00:00','2024-07-21 13:00:00'),
    ('10671','10068','2024-07-23 20:00:00','2024-07-24 04:00:00'),
    ('10672','10068','2024-07-25 03:00:00','2024-07-25 11:00:00'),
    ('10673','10068','2024-07-27 02:00:00','2024-07-27 10:00:00'),
    ('10674','10068','2024-07-29 09:00:00','2024-07-29 17:00:00'),
    ('10675','10068','2024-07-31 16:00:00','2024-08-01 00:00:00'),
    ('10676','10068','2024-08-02 15:00:00','2024-08-02 23:00:00'),
    ('10677','10068','2024-08-04 06:00:00','2024-08-04 14:00:00'),
    ('10678','10068','2024-08-06 21:00:00','2024-08-07 05:00:00'),
    ('10679','10068','2024-08-08 04:00:00','2024-08-08 12:00:00'),
    ('10680','10068','2024-08-09 19:00:00','2024-08-10 03:00:00'),
    ('10681','10068','2024-08-11 02:00:00','2024-08-11 10:00:00'),
    ('10682','10068','2024-08-13 01:00:00','2024-08-13 09:00:00'),
    ('10683','10068','2024-08-14 16:00:00','2024-08-15 00:00:00'),
    ('10684','10068','2024-08-16 23:00:00','2024-08-17 07:00:00'),
    ('10685','10068','2024-08-19 14:00:00','2024-08-19 22:00:00'),
    ('10686','10068','2024-08-22 13:00:00','2024-08-22 21:00:00'),
    ('10687','10068','2024-08-23 20:00:00','2024-08-24 04:00:00'),
    ('10688','10068','2024-08-25 03:00:00','2024-08-25 11:00:00'),
    ('10689','10068','2024-08-26 18:00:00','2024-08-27 02:00:00'),
    ('10690','10068','2024-08-29 01:00:00','2024-08-29 09:00:00'),
    ('10691','10068','2024-08-30 08:00:00','2024-08-30 16:00:00'),
    ('10692','10068','2024-08-31 23:00:00','2024-09-01 07:00:00'),
    ('10693','10068','2024-09-03 06:00:00','2024-09-03 14:00:00'),
    ('10694','10069','2024-07-17 07:00:00','2024-07-17 15:00:00'),
    ('10695','10069','2024-07-18 22:00:00','2024-07-19 06:00:00'),
    ('10696','10069','2024-07-21 05:00:00','2024-07-21 13:00:00'),
    ('10697','10069','2024-07-23 20:00:00','2024-07-24 04:00:00'),
    ('10698','10069','2024-07-26 19:00:00','2024-07-27 03:00:00'),
    ('10699','10069','2024-07-28 18:00:00','2024-07-29 02:00:00'),
    ('10700','10069','2024-07-31 09:00:00','2024-07-31 17:00:00'),
    ('10701','10069','2024-08-02 16:00:00','2024-08-03 00:00:00'),
    ('10702','10069','2024-08-04 23:00:00','2024-08-05 07:00:00'),
    ('10703','10069','2024-08-07 06:00:00','2024-08-07 14:00:00'),
    ('10704','10069','2024-08-08 13:00:00','2024-08-08 21:00:00'),
    ('10705','10069','2024-08-10 12:00:00','2024-08-10 20:00:00'),
    ('10706','10069','2024-08-13 11:00:00','2024-08-13 19:00:00'),
    ('10707','10069','2024-08-15 10:00:00','2024-08-15 18:00:00'),
    ('10708','10069','2024-08-18 01:00:00','2024-08-18 09:00:00'),
    ('10709','10069','2024-08-19 08:00:00','2024-08-19 16:00:00'),
    ('10710','10069','2024-08-22 07:00:00','2024-08-22 15:00:00'),
    ('10711','10069','2024-08-25 06:00:00','2024-08-25 14:00:00'),
    ('10712','10069','2024-08-27 05:00:00','2024-08-27 13:00:00'),
    ('10713','10069','2024-08-29 12:00:00','2024-08-29 20:00:00'),
    ('10714','10069','2024-08-30 19:00:00','2024-08-31 03:00:00'),
    ('10715','10069','2024-09-01 18:00:00','2024-09-02 02:00:00'),
    ('10716','10069','2024-09-04 17:00:00','2024-09-05 01:00:00'),
    ('10717','10069','2024-09-06 08:00:00','2024-09-06 16:00:00'),
    ('10718','10069','2024-09-08 15:00:00','2024-09-08 23:00:00'),
    ('10719','10069','2024-09-11 14:00:00','2024-09-11 22:00:00'),
    ('10720','10069','2024-09-13 13:00:00','2024-09-13 21:00:00'),
    ('10721','10069','2024-09-15 20:00:00','2024-09-16 04:00:00'),
    ('10722','10070','2024-07-17 07:00:00','2024-07-17 15:00:00'),
    ('10723','10070','2024-07-19 06:00:00','2024-07-19 14:00:00'),
    ('10724','10070','2024-07-21 13:00:00','2024-07-21 21:00:00'),
    ('10725','10070','2024-07-23 20:00:00','2024-07-24 04:00:00'),
    ('10726','10070','2024-07-26 03:00:00','2024-07-26 11:00:00'),
    ('10727','10070','2024-07-27 10:00:00','2024-07-27 18:00:00'),
    ('10728','10070','2024-07-29 17:00:00','2024-07-30 01:00:00'),
    ('10729','10070','2024-07-31 08:00:00','2024-07-31 16:00:00'),
    ('10730','10070','2024-08-02 15:00:00','2024-08-02 23:00:00'),
    ('10731','10070','2024-08-03 22:00:00','2024-08-04 06:00:00'),
    ('10732','10070','2024-08-05 13:00:00','2024-08-05 21:00:00'),
    ('10733','10070','2024-08-07 04:00:00','2024-08-07 12:00:00'),
    ('10734','10070','2024-08-09 11:00:00','2024-08-09 19:00:00'),
    ('10735','10070','2024-08-11 18:00:00','2024-08-12 02:00:00'),
    ('10736','10070','2024-08-14 17:00:00','2024-08-15 01:00:00'),
    ('10737','10070','2024-08-17 00:00:00','2024-08-17 08:00:00'),
    ('10738','10070','2024-08-19 07:00:00','2024-08-19 15:00:00'),
    ('10739','10070','2024-08-20 14:00:00','2024-08-20 22:00:00'),
    ('10740','10070','2024-08-22 21:00:00','2024-08-23 05:00:00'),
    ('10741','10070','2024-08-24 04:00:00','2024-08-24 12:00:00'),
    ('10742','10070','2024-08-26 19:00:00','2024-08-27 03:00:00'),
    ('10743','10070','2024-08-29 10:00:00','2024-08-29 18:00:00'),
    ('10744','10070','2024-08-30 17:00:00','2024-08-31 01:00:00'),
    ('10745','10070','2024-09-01 16:00:00','2024-09-02 00:00:00'),
    ('10746','10070','2024-09-04 07:00:00','2024-09-04 15:00:00'),
    ('10747','10070','2024-09-06 14:00:00','2024-09-06 22:00:00'),
    ('10748','10070','2024-09-08 21:00:00','2024-09-09 05:00:00'),
    ('10749','10071','2024-07-16 07:00:00','2024-07-16 15:00:00'),
    ('10750','10071','2024-07-18 14:00:00','2024-07-18 22:00:00'),
    ('10751','10071','2024-07-20 21:00:00','2024-07-21 05:00:00'),
    ('10752','10071','2024-07-23 04:00:00','2024-07-23 12:00:00'),
    ('10753','10071','2024-07-25 11:00:00','2024-07-25 19:00:00'),
    ('10754','10071','2024-07-27 18:00:00','2024-07-28 02:00:00'),
    ('10755','10071','2024-07-30 01:00:00','2024-07-30 09:00:00'),
    ('10756','10071','2024-07-31 08:00:00','2024-07-31 16:00:00'),
    ('10757','10071','2024-08-02 15:00:00','2024-08-02 23:00:00'),
    ('10758','10071','2024-08-03 22:00:00','2024-08-04 06:00:00'),
    ('10759','10071','2024-08-06 05:00:00','2024-08-06 13:00:00'),
    ('10760','10072','2024-07-17 23:00:00','2024-07-18 07:00:00'),
    ('10761','10072','2024-07-20 14:00:00','2024-07-20 22:00:00'),
    ('10762','10072','2024-07-22 21:00:00','2024-07-23 05:00:00'),
    ('10763','10072','2024-07-25 04:00:00','2024-07-25 12:00:00'),
    ('10764','10072','2024-07-27 03:00:00','2024-07-27 11:00:00'),
    ('10765','10072','2024-07-29 02:00:00','2024-07-29 10:00:00'),
    ('10766','10072','2024-07-31 09:00:00','2024-07-31 17:00:00'),
    ('10767','10072','2024-08-02 00:00:00','2024-08-02 08:00:00'),
    ('10768','10072','2024-08-04 15:00:00','2024-08-04 23:00:00'),
    ('10769','10072','2024-08-06 06:00:00','2024-08-06 14:00:00'),
    ('10770','10072','2024-08-07 13:00:00','2024-08-07 21:00:00'),
    ('10771','10072','2024-08-09 12:00:00','2024-08-09 20:00:00'),
    ('10772','10072','2024-08-12 03:00:00','2024-08-12 11:00:00'),
    ('10773','10072','2024-08-13 10:00:00','2024-08-13 18:00:00'),
    ('10774','10072','2024-08-15 01:00:00','2024-08-15 09:00:00'),
    ('10775','10072','2024-08-18 00:00:00','2024-08-18 08:00:00'),
    ('10776','10076','2024-07-17 23:00:00','2024-07-18 07:00:00'),
    ('10777','10076','2024-07-19 06:00:00','2024-07-19 14:00:00'),
    ('10778','10076','2024-07-20 13:00:00','2024-07-20 21:00:00'),
    ('10779','10076','2024-07-21 20:00:00','2024-07-22 04:00:00'),
    ('10780','10076','2024-07-23 11:00:00','2024-07-23 19:00:00'),
    ('10781','10076','2024-07-24 18:00:00','2024-07-25 02:00:00'),
    ('10782','10076','2024-07-27 01:00:00','2024-07-27 09:00:00'),
    ('10783','10076','2024-07-28 08:00:00','2024-07-28 16:00:00'),
    ('10784','10076','2024-07-30 15:00:00','2024-07-30 23:00:00'),
    ('10785','10076','2024-08-01 06:00:00','2024-08-01 14:00:00'),
    ('10786','10076','2024-08-03 21:00:00','2024-08-04 05:00:00'),
    ('10787','10076','2024-08-06 04:00:00','2024-08-06 12:00:00'),
    ('10788','10076','2024-08-07 11:00:00','2024-08-07 19:00:00'),
    ('10789','10076','2024-08-10 02:00:00','2024-08-10 10:00:00'),
    ('10790','10076','2024-08-13 01:00:00','2024-08-13 09:00:00'),
    ('10791','10076','2024-08-15 08:00:00','2024-08-15 16:00:00'),
    ('10792','10076','2024-08-16 15:00:00','2024-08-16 23:00:00'),
    ('10793','10076','2024-08-18 22:00:00','2024-08-19 06:00:00'),
    ('10794','10076','2024-08-20 13:00:00','2024-08-20 21:00:00'),
    ('10795','10078','2024-07-17 07:00:00','2024-07-17 15:00:00'),
    ('10796','10078','2024-07-19 06:00:00','2024-07-19 14:00:00'),
    ('10797','10078','2024-07-20 21:00:00','2024-07-21 05:00:00'),
    ('10798','10078','2024-07-22 20:00:00','2024-07-23 04:00:00'),
    ('10799','10078','2024-07-25 03:00:00','2024-07-25 11:00:00'),
    ('10800','10078','2024-07-27 10:00:00','2024-07-27 18:00:00'),
    ('10801','10078','2024-07-29 09:00:00','2024-07-29 17:00:00'),
    ('10802','10078','2024-07-31 08:00:00','2024-07-31 16:00:00'),
    ('10803','10078','2024-08-02 23:00:00','2024-08-03 07:00:00'),
    ('10804','10078','2024-08-05 06:00:00','2024-08-05 14:00:00'),
    ('10805','10078','2024-08-08 05:00:00','2024-08-08 13:00:00'),
    ('10806','10078','2024-08-10 04:00:00','2024-08-10 12:00:00'),
    ('10807','10078','2024-08-12 19:00:00','2024-08-13 03:00:00'),
    ('10808','10078','2024-08-15 02:00:00','2024-08-15 10:00:00'),
    ('10809','10078','2024-08-16 09:00:00','2024-08-16 17:00:00'),
    ('10810','10078','2024-08-17 16:00:00','2024-08-18 00:00:00'),
    ('10811','10078','2024-08-20 07:00:00','2024-08-20 15:00:00'),
    ('10812','10078','2024-08-21 14:00:00','2024-08-21 22:00:00'),
    ('10813','10078','2024-08-22 21:00:00','2024-08-23 05:00:00'),
    ('10814','10078','2024-08-24 12:00:00','2024-08-24 20:00:00'),
    ('10815','10078','2024-08-27 11:00:00','2024-08-27 19:00:00'),
    ('10816','10078','2024-08-30 02:00:00','2024-08-30 10:00:00'),
    ('10817','10079','2024-07-17 23:00:00','2024-07-18 07:00:00'),
    ('10818','10079','2024-07-19 06:00:00','2024-07-19 14:00:00'),
    ('10819','10079','2024-07-21 13:00:00','2024-07-21 21:00:00'),
    ('10820','10079','2024-07-24 12:00:00','2024-07-24 20:00:00'),
    ('10821','10079','2024-07-25 19:00:00','2024-07-26 03:00:00'),
    ('10822','10079','2024-07-27 10:00:00','2024-07-27 18:00:00'),
    ('10823','10079','2024-07-28 17:00:00','2024-07-29 01:00:00'),
    ('10824','10079','2024-07-30 00:00:00','2024-07-30 08:00:00'),
    ('10825','10079','2024-08-01 23:00:00','2024-08-02 07:00:00'),
    ('10826','10079','2024-08-03 06:00:00','2024-08-03 14:00:00'),
    ('10827','10079','2024-08-05 21:00:00','2024-08-06 05:00:00'),
    ('10828','10080','2024-07-17 15:00:00','2024-07-17 23:00:00'),
    ('10829','10080','2024-07-18 22:00:00','2024-07-19 06:00:00'),
    ('10830','10080','2024-07-21 13:00:00','2024-07-21 21:00:00'),
    ('10831','10080','2024-07-23 20:00:00','2024-07-24 04:00:00'),
    ('10832','10080','2024-07-25 03:00:00','2024-07-25 11:00:00'),
    ('10833','10080','2024-07-26 10:00:00','2024-07-26 18:00:00'),
    ('10834','10080','2024-07-28 17:00:00','2024-07-29 01:00:00'),
    ('10835','10080','2024-07-31 00:00:00','2024-07-31 08:00:00'),
    ('10836','10080','2024-08-01 23:00:00','2024-08-02 07:00:00'),
    ('10837','10080','2024-08-04 14:00:00','2024-08-04 22:00:00'),
    ('10838','10080','2024-08-06 05:00:00','2024-08-06 13:00:00'),
    ('10839','10080','2024-08-08 04:00:00','2024-08-08 12:00:00'),
    ('10840','10080','2024-08-09 19:00:00','2024-08-10 03:00:00'),
    ('10841','10080','2024-08-11 18:00:00','2024-08-12 02:00:00'),
    ('10842','10080','2024-08-14 17:00:00','2024-08-15 01:00:00'),
    ('10843','10080','2024-08-16 08:00:00','2024-08-16 16:00:00'),
    ('10844','10080','2024-08-17 15:00:00','2024-08-17 23:00:00'),
    ('10845','10080','2024-08-19 22:00:00','2024-08-20 06:00:00'),
    ('10846','10080','2024-08-22 13:00:00','2024-08-22 21:00:00'),
    ('10847','10080','2024-08-24 12:00:00','2024-08-24 20:00:00'),
    ('10848','10080','2024-08-25 19:00:00','2024-08-26 03:00:00'),
    ('10849','10080','2024-08-28 02:00:00','2024-08-28 10:00:00'),
    ('10850','10080','2024-08-29 09:00:00','2024-08-29 17:00:00'),
    ('10851','10080','2024-08-31 16:00:00','2024-09-01 00:00:00'),
    ('10852','10083','2024-07-17 23:00:00','2024-07-18 07:00:00'),
    ('10853','10083','2024-07-19 06:00:00','2024-07-19 14:00:00'),
    ('10854','10083','2024-07-22 05:00:00','2024-07-22 13:00:00'),
    ('10855','10083','2024-07-23 12:00:00','2024-07-23 20:00:00'),
    ('10856','10083','2024-07-24 19:00:00','2024-07-25 03:00:00'),
    ('10857','10083','2024-07-27 02:00:00','2024-07-27 10:00:00'),
    ('10858','10083','2024-07-29 01:00:00','2024-07-29 09:00:00'),
    ('10859','10083','2024-07-31 08:00:00','2024-07-31 16:00:00'),
    ('10860','10083','2024-08-02 15:00:00','2024-08-02 23:00:00'),
    ('10861','10083','2024-08-03 22:00:00','2024-08-04 06:00:00'),
    ('10862','10083','2024-08-05 21:00:00','2024-08-06 05:00:00'),
    ('10863','10083','2024-08-07 04:00:00','2024-08-07 12:00:00'),
    ('10864','10083','2024-08-08 11:00:00','2024-08-08 19:00:00'),
    ('10865','10083','2024-08-10 02:00:00','2024-08-10 10:00:00'),
    ('10866','10083','2024-08-12 17:00:00','2024-08-13 01:00:00'),
    ('10867','10083','2024-08-14 00:00:00','2024-08-14 08:00:00'),
    ('10868','10083','2024-08-15 07:00:00','2024-08-15 15:00:00'),
    ('10869','10083','2024-08-17 14:00:00','2024-08-17 22:00:00'),
    ('10870','10083','2024-08-19 13:00:00','2024-08-19 21:00:00'),
    ('10871','10083','2024-08-21 20:00:00','2024-08-22 04:00:00'),
    ('10872','10085','2024-07-17 07:00:00','2024-07-17 15:00:00'),
    ('10873','10085','2024-07-20 06:00:00','2024-07-20 14:00:00'),
    ('10874','10085','2024-07-22 21:00:00','2024-07-23 05:00:00'),
    ('10875','10085','2024-07-25 04:00:00','2024-07-25 12:00:00'),
    ('10876','10085','2024-07-27 11:00:00','2024-07-27 19:00:00'),
    ('10877','10085','2024-07-30 10:00:00','2024-07-30 18:00:00'),
    ('10878','10085','2024-07-31 17:00:00','2024-08-01 01:00:00'),
    ('10879','10085','2024-08-02 08:00:00','2024-08-02 16:00:00'),
    ('10880','10085','2024-08-05 07:00:00','2024-08-05 15:00:00'),
    ('10881','10085','2024-08-06 22:00:00','2024-08-07 06:00:00'),
    ('10882','10085','2024-08-09 05:00:00','2024-08-09 13:00:00'),
    ('10883','10085','2024-08-11 20:00:00','2024-08-12 04:00:00'),
    ('10884','10085','2024-08-14 11:00:00','2024-08-14 19:00:00'),
    ('10885','10085','2024-08-17 02:00:00','2024-08-17 10:00:00'),
    ('10886','10085','2024-08-19 17:00:00','2024-08-20 01:00:00'),
    ('10887','10085','2024-08-21 00:00:00','2024-08-21 08:00:00'),
    ('10888','10085','2024-08-22 07:00:00','2024-08-22 15:00:00'),
    ('10889','10085','2024-08-23 14:00:00','2024-08-23 22:00:00'),
    ('10890','10085','2024-08-26 05:00:00','2024-08-26 13:00:00'),
    ('10891','10085','2024-08-27 12:00:00','2024-08-27 20:00:00'),
    ('10892','10085','2024-08-29 11:00:00','2024-08-29 19:00:00'),
    ('10893','10085','2024-08-30 18:00:00','2024-08-31 02:00:00'),
    ('10894','10088','2024-07-17 07:00:00','2024-07-17 15:00:00'),
    ('10895','10088','2024-07-18 22:00:00','2024-07-19 06:00:00'),
    ('10896','10088','2024-07-20 13:00:00','2024-07-20 21:00:00'),
    ('10897','10088','2024-07-23 04:00:00','2024-07-23 12:00:00'),
    ('10898','10088','2024-07-25 11:00:00','2024-07-25 19:00:00'),
    ('10899','10088','2024-07-27 10:00:00','2024-07-27 18:00:00'),
    ('10900','10088','2024-07-29 01:00:00','2024-07-29 09:00:00'),
    ('10901','10088','2024-07-31 08:00:00','2024-07-31 16:00:00'),
    ('10902','10088','2024-08-02 15:00:00','2024-08-02 23:00:00'),
    ('10903','10088','2024-08-04 14:00:00','2024-08-04 22:00:00'),
    ('10904','10088','2024-08-05 21:00:00','2024-08-06 05:00:00'),
    ('10905','10088','2024-08-07 12:00:00','2024-08-07 20:00:00'),
    ('10906','10088','2024-08-08 19:00:00','2024-08-09 03:00:00'),
    ('10907','10088','2024-08-10 18:00:00','2024-08-11 02:00:00'),
    ('10908','10088','2024-08-13 17:00:00','2024-08-14 01:00:00'),
    ('10909','10088','2024-08-15 08:00:00','2024-08-15 16:00:00'),
    ('10910','10088','2024-08-17 15:00:00','2024-08-17 23:00:00'),
    ('10911','10088','2024-08-18 22:00:00','2024-08-19 06:00:00'),
    ('10912','10088','2024-08-20 13:00:00','2024-08-20 21:00:00'),
    ('10913','10088','2024-08-23 04:00:00','2024-08-23 12:00:00'),
    ('10914','10088','2024-08-25 11:00:00','2024-08-25 19:00:00'),
    ('10915','10088','2024-08-27 02:00:00','2024-08-27 10:00:00'),
    ('10916','10088','2024-08-28 09:00:00','2024-08-28 17:00:00'),
    ('10917','10088','2024-08-29 16:00:00','2024-08-30 00:00:00'),
    ('10918','10088','2024-08-31 23:00:00','2024-09-01 07:00:00'),
    ('10919','10088','2024-09-03 22:00:00','2024-09-04 06:00:00'),
    ('10920','10088','2024-09-06 05:00:00','2024-09-06 13:00:00'),
    ('10921','10088','2024-09-08 20:00:00','2024-09-09 04:00:00'),
    ('10922','10088','2024-09-10 03:00:00','2024-09-10 11:00:00'),
    ('10923','10093','2024-07-16 23:00:00','2024-07-17 07:00:00'),
    ('10924','10093','2024-07-18 14:00:00','2024-07-18 22:00:00'),
    ('10925','10093','2024-07-20 21:00:00','2024-07-21 05:00:00'),
    ('10926','10093','2024-07-23 20:00:00','2024-07-24 04:00:00'),
    ('10927','10093','2024-07-26 19:00:00','2024-07-27 03:00:00'),
    ('10928','10093','2024-07-29 10:00:00','2024-07-29 18:00:00'),
    ('10929','10093','2024-08-01 01:00:00','2024-08-01 09:00:00'),
    ('10930','10093','2024-08-02 08:00:00','2024-08-02 16:00:00'),
    ('10931','10093','2024-08-04 07:00:00','2024-08-04 15:00:00'),
    ('10932','10093','2024-08-05 14:00:00','2024-08-05 22:00:00'),
    ('10933','10093','2024-08-08 13:00:00','2024-08-08 21:00:00'),
    ('10934','10093','2024-08-11 04:00:00','2024-08-11 12:00:00'),
    ('10935','10093','2024-08-13 03:00:00','2024-08-13 11:00:00'),
    ('10936','10093','2024-08-15 10:00:00','2024-08-15 18:00:00'),
    ('10937','10093','2024-08-18 09:00:00','2024-08-18 17:00:00'),
    ('10938','10093','2024-08-19 16:00:00','2024-08-20 00:00:00'),
    ('10939','10093','2024-08-21 23:00:00','2024-08-22 07:00:00'),
    ('10940','10093','2024-08-23 22:00:00','2024-08-24 06:00:00'),
    ('10941','10093','2024-08-25 05:00:00','2024-08-25 13:00:00'),
    ('10942','10093','2024-08-26 12:00:00','2024-08-26 20:00:00'),
    ('10943','10093','2024-08-27 19:00:00','2024-08-28 03:00:00'),
    ('10944','10097','2024-07-16 23:00:00','2024-07-17 07:00:00'),
    ('10945','10097','2024-07-18 22:00:00','2024-07-19 06:00:00'),
    ('10946','10097','2024-07-21 13:00:00','2024-07-21 21:00:00'),
    ('10947','10097','2024-07-24 12:00:00','2024-07-24 20:00:00'),
    ('10948','10097','2024-07-26 19:00:00','2024-07-27 03:00:00'),
    ('10949','10097','2024-07-28 18:00:00','2024-07-29 02:00:00'),
    ('10950','10097','2024-07-30 01:00:00','2024-07-30 09:00:00'),
    ('10951','10097','2024-08-01 08:00:00','2024-08-01 16:00:00'),
    ('10952','10097','2024-08-03 15:00:00','2024-08-03 23:00:00'),
    ('10953','10097','2024-08-06 14:00:00','2024-08-06 22:00:00'),
    ('10954','10097','2024-08-08 05:00:00','2024-08-08 13:00:00'),
    ('10955','10097','2024-08-10 04:00:00','2024-08-10 12:00:00'),
    ('10956','10097','2024-08-12 11:00:00','2024-08-12 19:00:00'),
    ('10957','10097','2024-08-14 18:00:00','2024-08-15 02:00:00'),
    ('10958','10097','2024-08-17 01:00:00','2024-08-17 09:00:00'),
    ('10959','10099','2024-07-17 15:00:00','2024-07-17 23:00:00'),
    ('10960','10099','2024-07-20 06:00:00','2024-07-20 14:00:00'),
    ('10961','10099','2024-07-21 13:00:00','2024-07-21 21:00:00'),
    ('10962','10099','2024-07-22 20:00:00','2024-07-23 04:00:00'),
    ('10963','10099','2024-07-24 03:00:00','2024-07-24 11:00:00'),
    ('10964','10099','2024-07-26 10:00:00','2024-07-26 18:00:00'),
    ('10965','10099','2024-07-28 09:00:00','2024-07-28 17:00:00'),
    ('10966','10099','2024-07-29 16:00:00','2024-07-30 00:00:00'),
    ('10967','10099','2024-07-31 23:00:00','2024-08-01 07:00:00'),
    ('10968','10099','2024-08-02 06:00:00','2024-08-02 14:00:00'),
    ('10969','10099','2024-08-04 05:00:00','2024-08-04 13:00:00'),
    ('10970','10099','2024-08-06 12:00:00','2024-08-06 20:00:00'),
    ('10971','10099','2024-08-08 03:00:00','2024-08-08 11:00:00'),
    ('10972','10099','2024-08-10 10:00:00','2024-08-10 18:00:00'),
    ('10973','10099','2024-08-12 17:00:00','2024-08-13 01:00:00'),
    ('10974','10099','2024-08-15 00:00:00','2024-08-15 08:00:00'),
    ('10975','10099','2024-08-16 23:00:00','2024-08-17 07:00:00'),
    ('10976','10100','2024-07-16 07:00:00','2024-07-16 15:00:00'),
    ('10977','10100','2024-07-17 14:00:00','2024-07-17 22:00:00'),
    ('10978','10100','2024-07-19 21:00:00','2024-07-20 05:00:00'),
    ('10979','10100','2024-07-22 04:00:00','2024-07-22 12:00:00'),
    ('10980','10100','2024-07-25 03:00:00','2024-07-25 11:00:00'),
    ('10981','10100','2024-07-26 10:00:00','2024-07-26 18:00:00'),
    ('10982','10100','2024-07-28 09:00:00','2024-07-28 17:00:00'),
    ('10983','10100','2024-07-30 08:00:00','2024-07-30 16:00:00'),
    ('10984','10100','2024-07-31 23:00:00','2024-08-01 07:00:00'),
    ('10985','10100','2024-08-02 14:00:00','2024-08-02 22:00:00'),
    ('10986','10100','2024-08-04 13:00:00','2024-08-04 21:00:00'),
    ('10987','10100','2024-08-05 20:00:00','2024-08-06 04:00:00'),
    ('10988','10100','2024-08-08 19:00:00','2024-08-09 03:00:00'),
    ('10989','10100','2024-08-11 18:00:00','2024-08-12 02:00:00'),
    ('10990','10100','2024-08-13 17:00:00','2024-08-14 01:00:00'),
    ('10991','10100','2024-08-15 00:00:00','2024-08-15 08:00:00'),
    ('10992','10100','2024-08-16 07:00:00','2024-08-16 15:00:00'),
    ('10993','10100','2024-08-17 14:00:00','2024-08-17 22:00:00'),
    ('10994','10100','2024-08-19 13:00:00','2024-08-19 21:00:00'),
    ('10995','10100','2024-08-22 12:00:00','2024-08-22 20:00:00'),
    ('10996','10100','2024-08-24 03:00:00','2024-08-24 11:00:00'),
    ('10997','10101','2024-07-16 07:00:00','2024-07-16 15:00:00'),
    ('10998','10101','2024-07-18 06:00:00','2024-07-18 14:00:00'),
    ('10999','10101','2024-07-19 13:00:00','2024-07-19 21:00:00'),
    ('11000','10101','2024-07-21 04:00:00','2024-07-21 12:00:00'),
    ('11001','10101','2024-07-22 11:00:00','2024-07-22 19:00:00'),
    ('11002','10101','2024-07-24 10:00:00','2024-07-24 18:00:00'),
    ('11003','10101','2024-07-26 01:00:00','2024-07-26 09:00:00'),
    ('11004','10101','2024-07-28 08:00:00','2024-07-28 16:00:00'),
    ('11005','10101','2024-07-30 15:00:00','2024-07-30 23:00:00'),
    ('11006','10101','2024-08-02 14:00:00','2024-08-02 22:00:00'),
    ('11007','10101','2024-08-03 21:00:00','2024-08-04 05:00:00'),
    ('11008','10101','2024-08-06 04:00:00','2024-08-06 12:00:00'),
    ('11009','10101','2024-08-07 11:00:00','2024-08-07 19:00:00'),
    ('11010','10101','2024-08-10 10:00:00','2024-08-10 18:00:00'),
    ('11011','10101','2024-08-12 09:00:00','2024-08-12 17:00:00'),
    ('11012','10101','2024-08-15 08:00:00','2024-08-15 16:00:00'),
    ('11013','10101','2024-08-18 07:00:00','2024-08-18 15:00:00'),
    ('11014','10101','2024-08-19 14:00:00','2024-08-19 22:00:00'),
    ('11015','10101','2024-08-22 13:00:00','2024-08-22 21:00:00'),
    ('11016','10101','2024-08-24 20:00:00','2024-08-25 04:00:00'),
    ('11017','10101','2024-08-27 03:00:00','2024-08-27 11:00:00'),
    ('11018','10101','2024-08-29 18:00:00','2024-08-30 02:00:00'),
    ('11019','10103','2024-07-17 23:00:00','2024-07-18 07:00:00'),
    ('11020','10103','2024-07-20 22:00:00','2024-07-21 06:00:00'),
    ('11021','10103','2024-07-22 05:00:00','2024-07-22 13:00:00'),
    ('11022','10103','2024-07-24 04:00:00','2024-07-24 12:00:00'),
    ('11023','10103','2024-07-27 03:00:00','2024-07-27 11:00:00'),
    ('11024','10103','2024-07-29 10:00:00','2024-07-29 18:00:00'),
    ('11025','10103','2024-07-30 17:00:00','2024-07-31 01:00:00'),
    ('11026','10103','2024-08-02 00:00:00','2024-08-02 08:00:00'),
    ('11027','10103','2024-08-04 07:00:00','2024-08-04 15:00:00'),
    ('11028','10103','2024-08-05 14:00:00','2024-08-05 22:00:00'),
    ('11029','10103','2024-08-07 21:00:00','2024-08-08 05:00:00'),
    ('11030','10103','2024-08-10 12:00:00','2024-08-10 20:00:00'),
    ('11031','10103','2024-08-12 03:00:00','2024-08-12 11:00:00'),
    ('11032','10103','2024-08-14 18:00:00','2024-08-15 02:00:00'),
    ('11033','10103','2024-08-16 09:00:00','2024-08-16 17:00:00'),
    ('11034','10103','2024-08-18 00:00:00','2024-08-18 08:00:00'),
    ('11035','10103','2024-08-20 07:00:00','2024-08-20 15:00:00'),
    ('11036','10103','2024-08-23 06:00:00','2024-08-23 14:00:00'),
    ('11037','10103','2024-08-24 13:00:00','2024-08-24 21:00:00'),
    ('11038','10103','2024-08-25 20:00:00','2024-08-26 04:00:00'),
    ('11039','10103','2024-08-28 03:00:00','2024-08-28 11:00:00'),
    ('11040','10103','2024-08-29 18:00:00','2024-08-30 02:00:00'),
    ('11041','10103','2024-09-01 01:00:00','2024-09-01 09:00:00'),
    ('11042','10103','2024-09-02 16:00:00','2024-09-03 00:00:00'),
    ('11043','10103','2024-09-04 23:00:00','2024-09-05 07:00:00'),
    ('11044','10103','2024-09-07 06:00:00','2024-09-07 14:00:00'),
    ('11045','10103','2024-09-08 13:00:00','2024-09-08 21:00:00'),
    ('11046','10107','2024-07-16 23:00:00','2024-07-17 07:00:00'),
    ('11047','10107','2024-07-18 06:00:00','2024-07-18 14:00:00'),
    ('11048','10107','2024-07-20 21:00:00','2024-07-21 05:00:00'),
    ('11049','10107','2024-07-23 04:00:00','2024-07-23 12:00:00'),
    ('11050','10107','2024-07-25 19:00:00','2024-07-26 03:00:00'),
    ('11051','10107','2024-07-27 10:00:00','2024-07-27 18:00:00'),
    ('11052','10107','2024-07-30 09:00:00','2024-07-30 17:00:00'),
    ('11053','10107','2024-07-31 16:00:00','2024-08-01 00:00:00'),
    ('11054','10107','2024-08-01 23:00:00','2024-08-02 07:00:00'),
    ('11055','10107','2024-08-04 06:00:00','2024-08-04 14:00:00'),
    ('11056','10107','2024-08-06 13:00:00','2024-08-06 21:00:00'),
    ('11057','10107','2024-08-09 12:00:00','2024-08-09 20:00:00'),
    ('11058','10107','2024-08-11 11:00:00','2024-08-11 19:00:00'),
    ('11059','10107','2024-08-14 02:00:00','2024-08-14 10:00:00'),
    ('11060','10108','2024-07-17 07:00:00','2024-07-17 15:00:00'),
    ('11061','10108','2024-07-18 22:00:00','2024-07-19 06:00:00'),
    ('11062','10108','2024-07-21 13:00:00','2024-07-21 21:00:00'),
    ('11063','10108','2024-07-23 12:00:00','2024-07-23 20:00:00'),
    ('11064','10108','2024-07-26 03:00:00','2024-07-26 11:00:00'),
    ('11065','10108','2024-07-27 10:00:00','2024-07-27 18:00:00'),
    ('11066','10108','2024-07-30 01:00:00','2024-07-30 09:00:00'),
    ('11067','10108','2024-08-02 00:00:00','2024-08-02 08:00:00'),
    ('11068','10108','2024-08-03 15:00:00','2024-08-03 23:00:00'),
    ('11069','10108','2024-08-05 06:00:00','2024-08-05 14:00:00'),
    ('11070','10108','2024-08-07 05:00:00','2024-08-07 13:00:00'),
    ('11071','10108','2024-08-09 04:00:00','2024-08-09 12:00:00'),
    ('11072','10108','2024-08-10 11:00:00','2024-08-10 19:00:00'),
    ('11073','10108','2024-08-13 02:00:00','2024-08-13 10:00:00'),
    ('11074','10108','2024-08-14 09:00:00','2024-08-14 17:00:00'),
    ('11075','10108','2024-08-16 16:00:00','2024-08-17 00:00:00'),
    ('11076','10108','2024-08-19 15:00:00','2024-08-19 23:00:00'),
    ('11077','10108','2024-08-21 14:00:00','2024-08-21 22:00:00'),
    ('11078','10108','2024-08-24 05:00:00','2024-08-24 13:00:00'),
    ('11079','10108','2024-08-25 12:00:00','2024-08-25 20:00:00'),
    ('11080','10108','2024-08-27 03:00:00','2024-08-27 11:00:00'),
    ('11081','10108','2024-08-28 18:00:00','2024-08-29 02:00:00'),
    ('11082','10108','2024-08-30 01:00:00','2024-08-30 09:00:00'),
    ('11083','10108','2024-09-01 08:00:00','2024-09-01 16:00:00'),
    ('11084','10108','2024-09-02 15:00:00','2024-09-02 23:00:00'),
    ('11085','10108','2024-09-03 22:00:00','2024-09-04 06:00:00'),
    ('11086','10108','2024-09-06 21:00:00','2024-09-07 05:00:00'),
    ('11087','10108','2024-09-08 12:00:00','2024-09-08 20:00:00'),
    ('11088','10112','2024-07-17 07:00:00','2024-07-17 15:00:00'),
    ('11089','10112','2024-07-18 14:00:00','2024-07-18 22:00:00'),
    ('11090','10112','2024-07-21 05:00:00','2024-07-21 13:00:00'),
    ('11091','10112','2024-07-22 12:00:00','2024-07-22 20:00:00'),
    ('11092','10112','2024-07-24 19:00:00','2024-07-25 03:00:00'),
    ('11093','10112','2024-07-26 18:00:00','2024-07-27 02:00:00'),
    ('11094','10112','2024-07-29 01:00:00','2024-07-29 09:00:00'),
    ('11095','10112','2024-07-30 08:00:00','2024-07-30 16:00:00'),
    ('11096','10112','2024-07-31 15:00:00','2024-07-31 23:00:00'),
    ('11097','10112','2024-08-03 06:00:00','2024-08-03 14:00:00'),
    ('11098','10112','2024-08-05 21:00:00','2024-08-06 05:00:00'),
    ('11099','10112','2024-08-08 04:00:00','2024-08-08 12:00:00'),
    ('11100','10112','2024-08-10 03:00:00','2024-08-10 11:00:00'),
    ('11101','10112','2024-08-12 18:00:00','2024-08-13 02:00:00'),
    ('11102','10112','2024-08-15 01:00:00','2024-08-15 09:00:00'),
    ('11103','10112','2024-08-18 00:00:00','2024-08-18 08:00:00'),
    ('11104','10112','2024-08-19 23:00:00','2024-08-20 07:00:00'),
    ('11105','10113','2024-07-16 07:00:00','2024-07-16 15:00:00'),
    ('11106','10113','2024-07-17 14:00:00','2024-07-17 22:00:00'),
    ('11107','10113','2024-07-19 21:00:00','2024-07-20 05:00:00'),
    ('11108','10113','2024-07-21 20:00:00','2024-07-22 04:00:00'),
    ('11109','10113','2024-07-23 19:00:00','2024-07-24 03:00:00'),
    ('11110','10113','2024-07-26 10:00:00','2024-07-26 18:00:00'),
    ('11111','10113','2024-07-28 01:00:00','2024-07-28 09:00:00'),
    ('11112','10113','2024-07-29 16:00:00','2024-07-30 00:00:00'),
    ('11113','10113','2024-07-31 07:00:00','2024-07-31 15:00:00'),
    ('11114','10113','2024-08-03 06:00:00','2024-08-03 14:00:00'),
    ('11115','10113','2024-08-05 13:00:00','2024-08-05 21:00:00'),
    ('11116','10113','2024-08-06 20:00:00','2024-08-07 04:00:00'),
    ('11117','10113','2024-08-08 19:00:00','2024-08-09 03:00:00'),
    ('11118','10113','2024-08-10 10:00:00','2024-08-10 18:00:00'),
    ('11119','10113','2024-08-12 01:00:00','2024-08-12 09:00:00'),
    ('11120','10113','2024-08-13 16:00:00','2024-08-14 00:00:00'),
    ('11121','10113','2024-08-16 07:00:00','2024-08-16 15:00:00'),
    ('11122','10113','2024-08-17 22:00:00','2024-08-18 06:00:00'),
    ('11123','10113','2024-08-19 05:00:00','2024-08-19 13:00:00'),
    ('11124','10113','2024-08-21 04:00:00','2024-08-21 12:00:00'),
    ('11125','10113','2024-08-23 11:00:00','2024-08-23 19:00:00'),
    ('11126','10113','2024-08-24 18:00:00','2024-08-25 02:00:00'),
    ('11127','10113','2024-08-26 01:00:00','2024-08-26 09:00:00'),
    ('11128','10113','2024-08-29 00:00:00','2024-08-29 08:00:00'),
    ('11129','10113','2024-08-31 23:00:00','2024-09-01 07:00:00'),
    ('11130','10113','2024-09-03 14:00:00','2024-09-03 22:00:00'),
    ('11131','10115','2024-07-16 15:00:00','2024-07-16 23:00:00'),
    ('11132','10115','2024-07-17 22:00:00','2024-07-18 06:00:00'),
    ('11133','10115','2024-07-19 05:00:00','2024-07-19 13:00:00'),
    ('11134','10115','2024-07-21 12:00:00','2024-07-21 20:00:00'),
    ('11135','10115','2024-07-24 03:00:00','2024-07-24 11:00:00'),
    ('11136','10115','2024-07-26 02:00:00','2024-07-26 10:00:00'),
    ('11137','10115','2024-07-28 09:00:00','2024-07-28 17:00:00'),
    ('11138','10115','2024-07-30 00:00:00','2024-07-30 08:00:00'),
    ('11139','10115','2024-08-01 07:00:00','2024-08-01 15:00:00'),
    ('11140','10115','2024-08-02 14:00:00','2024-08-02 22:00:00'),
    ('11141','10115','2024-08-04 05:00:00','2024-08-04 13:00:00'),
    ('11142','10116','2024-07-16 07:00:00','2024-07-16 15:00:00'),
    ('11143','10116','2024-07-17 14:00:00','2024-07-17 22:00:00'),
    ('11144','10116','2024-07-18 21:00:00','2024-07-19 05:00:00'),
    ('11145','10116','2024-07-21 04:00:00','2024-07-21 12:00:00'),
    ('11146','10116','2024-07-23 19:00:00','2024-07-24 03:00:00'),
    ('11147','10116','2024-07-25 10:00:00','2024-07-25 18:00:00'),
    ('11148','10116','2024-07-26 17:00:00','2024-07-27 01:00:00'),
    ('11149','10116','2024-07-28 16:00:00','2024-07-29 00:00:00'),
    ('11150','10116','2024-07-30 23:00:00','2024-07-31 07:00:00'),
    ('11151','10116','2024-08-02 14:00:00','2024-08-02 22:00:00'),
    ('11152','10118','2024-07-16 07:00:00','2024-07-16 15:00:00'),
    ('11153','10118','2024-07-18 22:00:00','2024-07-19 06:00:00'),
    ('11154','10118','2024-07-21 05:00:00','2024-07-21 13:00:00'),
    ('11155','10118','2024-07-23 04:00:00','2024-07-23 12:00:00'),
    ('11156','10118','2024-07-25 11:00:00','2024-07-25 19:00:00'),
    ('11157','10118','2024-07-27 18:00:00','2024-07-28 02:00:00'),
    ('11158','10118','2024-07-30 17:00:00','2024-07-31 01:00:00'),
    ('11159','10118','2024-08-01 00:00:00','2024-08-01 08:00:00'),
    ('11160','10118','2024-08-02 07:00:00','2024-08-02 15:00:00'),
    ('11161','10118','2024-08-04 06:00:00','2024-08-04 14:00:00'),
    ('11162','10118','2024-08-07 05:00:00','2024-08-07 13:00:00'),
    ('11163','10118','2024-08-09 12:00:00','2024-08-09 20:00:00'),
    ('11164','10118','2024-08-11 11:00:00','2024-08-11 19:00:00'),
    ('11165','10118','2024-08-13 02:00:00','2024-08-13 10:00:00'),
    ('11166','10118','2024-08-15 09:00:00','2024-08-15 17:00:00'),
    ('11167','10118','2024-08-17 00:00:00','2024-08-17 08:00:00'),
    ('11168','10118','2024-08-18 23:00:00','2024-08-19 07:00:00'),
    ('11169','10118','2024-08-21 22:00:00','2024-08-22 06:00:00'),
    ('11170','10118','2024-08-24 13:00:00','2024-08-24 21:00:00'),
    ('11171','10118','2024-08-25 20:00:00','2024-08-26 04:00:00'),
    ('11172','10118','2024-08-28 03:00:00','2024-08-28 11:00:00'),
    ('11173','10118','2024-08-30 02:00:00','2024-08-30 10:00:00'),
    ('11174','10118','2024-09-01 01:00:00','2024-09-01 09:00:00'),
    ('11175','10118','2024-09-02 16:00:00','2024-09-03 00:00:00'),
    ('11176','10118','2024-09-04 23:00:00','2024-09-05 07:00:00'),
    ('11177','10118','2024-09-06 06:00:00','2024-09-06 14:00:00'),
    ('11178','10118','2024-09-08 13:00:00','2024-09-08 21:00:00'),
    ('11179','10118','2024-09-10 12:00:00','2024-09-10 20:00:00'),
    ('11180','10120','2024-07-16 15:00:00','2024-07-16 23:00:00'),
    ('11181','10120','2024-07-19 06:00:00','2024-07-19 14:00:00'),
    ('11182','10120','2024-07-20 21:00:00','2024-07-21 05:00:00'),
    ('11183','10120','2024-07-23 20:00:00','2024-07-24 04:00:00'),
    ('11184','10120','2024-07-26 19:00:00','2024-07-27 03:00:00'),
    ('11185','10120','2024-07-28 18:00:00','2024-07-29 02:00:00'),
    ('11186','10120','2024-07-30 09:00:00','2024-07-30 17:00:00'),
    ('11187','10120','2024-07-31 16:00:00','2024-08-01 00:00:00'),
    ('11188','10120','2024-08-03 07:00:00','2024-08-03 15:00:00'),
    ('11189','10120','2024-08-05 06:00:00','2024-08-05 14:00:00'),
    ('11190','10120','2024-08-07 21:00:00','2024-08-08 05:00:00'),
    ('11191','10120','2024-08-09 04:00:00','2024-08-09 12:00:00'),
    ('11192','10120','2024-08-10 11:00:00','2024-08-10 19:00:00'),
    ('11193','10120','2024-08-13 02:00:00','2024-08-13 10:00:00'),
    ('11194','10120','2024-08-15 09:00:00','2024-08-15 17:00:00'),
    ('11195','10120','2024-08-18 08:00:00','2024-08-18 16:00:00'),
    ('11196','10120','2024-08-20 15:00:00','2024-08-20 23:00:00'),
    ('11197','10120','2024-08-21 22:00:00','2024-08-22 06:00:00'),
    ('11198','10120','2024-08-24 13:00:00','2024-08-24 21:00:00'),
    ('11199','10120','2024-08-26 20:00:00','2024-08-27 04:00:00'),
    ('11200','10120','2024-08-28 03:00:00','2024-08-28 11:00:00'),
    ('11201','10120','2024-08-30 02:00:00','2024-08-30 10:00:00'),
    ('11202','10120','2024-08-31 09:00:00','2024-08-31 17:00:00'),
    ('11203','10120','2024-09-01 16:00:00','2024-09-02 00:00:00'),
    ('11204','10122','2024-07-17 07:00:00','2024-07-17 15:00:00'),
    ('11205','10122','2024-07-18 22:00:00','2024-07-19 06:00:00'),
    ('11206','10122','2024-07-21 05:00:00','2024-07-21 13:00:00'),
    ('11207','10122','2024-07-22 12:00:00','2024-07-22 20:00:00'),
    ('11208','10122','2024-07-24 19:00:00','2024-07-25 03:00:00'),
    ('11209','10122','2024-07-26 02:00:00','2024-07-26 10:00:00'),
    ('11210','10122','2024-07-27 09:00:00','2024-07-27 17:00:00'),
    ('11211','10122','2024-07-29 16:00:00','2024-07-30 00:00:00'),
    ('11212','10122','2024-07-31 15:00:00','2024-07-31 23:00:00'),
    ('11213','10122','2024-08-01 22:00:00','2024-08-02 06:00:00'),
    ('11214','10122','2024-08-03 05:00:00','2024-08-03 13:00:00'),
    ('11215','10122','2024-08-04 20:00:00','2024-08-05 04:00:00'),
    ('11216','10122','2024-08-06 19:00:00','2024-08-07 03:00:00'),
    ('11217','10122','2024-08-09 18:00:00','2024-08-10 02:00:00'),
    ('11218','10122','2024-08-11 01:00:00','2024-08-11 09:00:00'),
    ('11219','10122','2024-08-13 08:00:00','2024-08-13 16:00:00'),
    ('11220','10122','2024-08-15 15:00:00','2024-08-15 23:00:00'),
    ('11221','10122','2024-08-17 22:00:00','2024-08-18 06:00:00'),
    ('11222','10122','2024-08-20 21:00:00','2024-08-21 05:00:00'),
    ('11223','10122','2024-08-22 04:00:00','2024-08-22 12:00:00'),
    ('11224','10122','2024-08-24 11:00:00','2024-08-24 19:00:00'),
    ('11225','10122','2024-08-26 18:00:00','2024-08-27 02:00:00'),
    ('11226','10124','2024-07-17 15:00:00','2024-07-17 23:00:00'),
    ('11227','10124','2024-07-19 06:00:00','2024-07-19 14:00:00'),
    ('11228','10124','2024-07-21 21:00:00','2024-07-22 05:00:00'),
    ('11229','10124','2024-07-24 04:00:00','2024-07-24 12:00:00'),
    ('11230','10124','2024-07-26 03:00:00','2024-07-26 11:00:00'),
    ('11231','10124','2024-07-27 10:00:00','2024-07-27 18:00:00'),
    ('11232','10124','2024-07-28 17:00:00','2024-07-29 01:00:00'),
    ('11233','10124','2024-07-30 16:00:00','2024-07-31 00:00:00'),
    ('11234','10124','2024-08-01 23:00:00','2024-08-02 07:00:00'),
    ('11235','10124','2024-08-03 06:00:00','2024-08-03 14:00:00'),
    ('11236','10124','2024-08-04 13:00:00','2024-08-04 21:00:00'),
    ('11237','10124','2024-08-07 12:00:00','2024-08-07 20:00:00'),
    ('11238','10124','2024-08-08 19:00:00','2024-08-09 03:00:00'),
    ('11239','10124','2024-08-11 18:00:00','2024-08-12 02:00:00'),
    ('11240','10124','2024-08-13 17:00:00','2024-08-14 01:00:00'),
    ('11241','10125','2024-07-16 07:00:00','2024-07-16 15:00:00'),
    ('11242','10125','2024-07-18 14:00:00','2024-07-18 22:00:00'),
    ('11243','10125','2024-07-20 21:00:00','2024-07-21 05:00:00'),
    ('11244','10125','2024-07-22 04:00:00','2024-07-22 12:00:00'),
    ('11245','10125','2024-07-24 03:00:00','2024-07-24 11:00:00'),
    ('11246','10125','2024-07-26 02:00:00','2024-07-26 10:00:00'),
    ('11247','10125','2024-07-28 01:00:00','2024-07-28 09:00:00'),
    ('11248','10125','2024-07-31 00:00:00','2024-07-31 08:00:00'),
    ('11249','10125','2024-08-01 15:00:00','2024-08-01 23:00:00'),
    ('11250','10125','2024-08-03 22:00:00','2024-08-04 06:00:00'),
    ('11251','10125','2024-08-06 05:00:00','2024-08-06 13:00:00'),
    ('11252','10125','2024-08-07 12:00:00','2024-08-07 20:00:00'),
    ('11253','10125','2024-08-10 11:00:00','2024-08-10 19:00:00'),
    ('11254','10125','2024-08-11 18:00:00','2024-08-12 02:00:00'),
    ('11255','10125','2024-08-14 01:00:00','2024-08-14 09:00:00'),
    ('11256','10125','2024-08-16 08:00:00','2024-08-16 16:00:00'),
    ('11257','10125','2024-08-19 07:00:00','2024-08-19 15:00:00'),
    ('11258','10125','2024-08-22 06:00:00','2024-08-22 14:00:00'),
    ('11259','10125','2024-08-24 21:00:00','2024-08-25 05:00:00'),
    ('11260','10125','2024-08-27 20:00:00','2024-08-28 04:00:00'),
    ('11261','10125','2024-08-29 03:00:00','2024-08-29 11:00:00'),
    ('11262','10125','2024-08-31 02:00:00','2024-08-31 10:00:00'),
    ('11263','10125','2024-09-02 17:00:00','2024-09-03 01:00:00'),
    ('11264','10126','2024-07-16 07:00:00','2024-07-16 15:00:00'),
    ('11265','10126','2024-07-18 22:00:00','2024-07-19 06:00:00'),
    ('11266','10126','2024-07-21 21:00:00','2024-07-22 05:00:00'),
    ('11267','10126','2024-07-24 20:00:00','2024-07-25 04:00:00'),
    ('11268','10126','2024-07-27 03:00:00','2024-07-27 11:00:00'),
    ('11269','10126','2024-07-28 10:00:00','2024-07-28 18:00:00'),
    ('11270','10126','2024-07-30 09:00:00','2024-07-30 17:00:00'),
    ('11271','10126','2024-08-01 16:00:00','2024-08-02 00:00:00'),
    ('11272','10126','2024-08-02 23:00:00','2024-08-03 07:00:00'),
    ('11273','10126','2024-08-05 06:00:00','2024-08-05 14:00:00'),
    ('11274','10126','2024-08-07 13:00:00','2024-08-07 21:00:00'),
    ('11275','10126','2024-08-09 20:00:00','2024-08-10 04:00:00'),
    ('11276','10126','2024-08-11 19:00:00','2024-08-12 03:00:00'),
    ('11277','10126','2024-08-13 02:00:00','2024-08-13 10:00:00'),
    ('11278','10126','2024-08-14 17:00:00','2024-08-15 01:00:00'),
    ('11279','10126','2024-08-16 00:00:00','2024-08-16 08:00:00'),
    ('11280','10126','2024-08-17 07:00:00','2024-08-17 15:00:00'),
    ('11281','10126','2024-08-19 06:00:00','2024-08-19 14:00:00'),
    ('11282','10128','2024-07-16 07:00:00','2024-07-16 15:00:00'),
    ('11283','10128','2024-07-17 14:00:00','2024-07-17 22:00:00'),
    ('11284','10128','2024-07-20 05:00:00','2024-07-20 13:00:00'),
    ('11285','10128','2024-07-21 20:00:00','2024-07-22 04:00:00'),
    ('11286','10128','2024-07-24 03:00:00','2024-07-24 11:00:00'),
    ('11287','10128','2024-07-26 10:00:00','2024-07-26 18:00:00'),
    ('11288','10128','2024-07-27 17:00:00','2024-07-28 01:00:00'),
    ('11289','10128','2024-07-30 16:00:00','2024-07-31 00:00:00'),
    ('11290','10128','2024-07-31 23:00:00','2024-08-01 07:00:00'),
    ('11291','10128','2024-08-02 06:00:00','2024-08-02 14:00:00'),
    ('11292','10128','2024-08-04 13:00:00','2024-08-04 21:00:00'),
    ('11293','10128','2024-08-07 12:00:00','2024-08-07 20:00:00'),
    ('11294','10128','2024-08-10 11:00:00','2024-08-10 19:00:00'),
    ('11295','10128','2024-08-11 18:00:00','2024-08-12 02:00:00'),
    ('11296','10128','2024-08-14 09:00:00','2024-08-14 17:00:00'),
    ('11297','10128','2024-08-16 16:00:00','2024-08-17 00:00:00'),
    ('11298','10128','2024-08-17 23:00:00','2024-08-18 07:00:00'),
    ('11299','10128','2024-08-20 06:00:00','2024-08-20 14:00:00'),
    ('11300','10128','2024-08-21 21:00:00','2024-08-22 05:00:00'),
    ('11301','10128','2024-08-24 20:00:00','2024-08-25 04:00:00'),
    ('11302','10128','2024-08-26 03:00:00','2024-08-26 11:00:00'),
    ('11303','10128','2024-08-27 18:00:00','2024-08-28 02:00:00'),
    ('11304','10128','2024-08-30 01:00:00','2024-08-30 09:00:00'),
    ('11305','10130','2024-07-17 07:00:00','2024-07-17 15:00:00'),
    ('11306','10130','2024-07-19 06:00:00','2024-07-19 14:00:00'),
    ('11307','10130','2024-07-21 13:00:00','2024-07-21 21:00:00'),
    ('11308','10130','2024-07-23 20:00:00','2024-07-24 04:00:00'),
    ('11309','10130','2024-07-25 11:00:00','2024-07-25 19:00:00'),
    ('11310','10130','2024-07-28 02:00:00','2024-07-28 10:00:00'),
    ('11311','10130','2024-07-29 17:00:00','2024-07-30 01:00:00'),
    ('11312','10130','2024-07-31 00:00:00','2024-07-31 08:00:00'),
    ('11313','10130','2024-08-01 23:00:00','2024-08-02 07:00:00'),
    ('11314','10130','2024-08-04 06:00:00','2024-08-04 14:00:00'),
    ('11315','10130','2024-08-07 05:00:00','2024-08-07 13:00:00'),
    ('11316','10130','2024-08-09 12:00:00','2024-08-09 20:00:00'),
    ('11317','10130','2024-08-10 19:00:00','2024-08-11 03:00:00'),
    ('11318','10130','2024-08-12 10:00:00','2024-08-12 18:00:00'),
    ('11319','10130','2024-08-13 17:00:00','2024-08-14 01:00:00'),
    ('11320','10130','2024-08-16 00:00:00','2024-08-16 08:00:00'),
    ('11321','10130','2024-08-18 15:00:00','2024-08-18 23:00:00'),
    ('11322','10130','2024-08-20 22:00:00','2024-08-21 06:00:00'),
    ('11323','10130','2024-08-22 21:00:00','2024-08-23 05:00:00'),
    ('11324','10130','2024-08-24 04:00:00','2024-08-24 12:00:00'),
    ('11325','10132','2024-07-16 07:00:00','2024-07-16 15:00:00'),
    ('11326','10132','2024-07-18 06:00:00','2024-07-18 14:00:00'),
    ('11327','10132','2024-07-19 13:00:00','2024-07-19 21:00:00'),
    ('11328','10132','2024-07-21 12:00:00','2024-07-21 20:00:00'),
    ('11329','10132','2024-07-22 19:00:00','2024-07-23 03:00:00'),
    ('11330','10132','2024-07-24 10:00:00','2024-07-24 18:00:00'),
    ('11331','10132','2024-07-26 17:00:00','2024-07-27 01:00:00'),
    ('11332','10132','2024-07-29 16:00:00','2024-07-30 00:00:00'),
    ('11333','10132','2024-08-01 15:00:00','2024-08-01 23:00:00'),
    ('11334','10132','2024-08-03 22:00:00','2024-08-04 06:00:00'),
    ('11335','10132','2024-08-06 05:00:00','2024-08-06 13:00:00'),
    ('11336','10132','2024-08-07 12:00:00','2024-08-07 20:00:00'),
    ('11337','10132','2024-08-09 19:00:00','2024-08-10 03:00:00'),
    ('11338','10132','2024-08-12 18:00:00','2024-08-13 02:00:00'),
    ('11339','10132','2024-08-14 17:00:00','2024-08-15 01:00:00'),
    ('11340','10132','2024-08-17 00:00:00','2024-08-17 08:00:00'),
    ('11341','10136','2024-07-17 15:00:00','2024-07-17 23:00:00'),
    ('11342','10136','2024-07-18 22:00:00','2024-07-19 06:00:00'),
    ('11343','10136','2024-07-21 05:00:00','2024-07-21 13:00:00'),
    ('11344','10136','2024-07-22 12:00:00','2024-07-22 20:00:00'),
    ('11345','10136','2024-07-24 19:00:00','2024-07-25 03:00:00'),
    ('11346','10136','2024-07-27 02:00:00','2024-07-27 10:00:00'),
    ('11347','10136','2024-07-30 01:00:00','2024-07-30 09:00:00'),
    ('11348','10136','2024-07-31 16:00:00','2024-08-01 00:00:00'),
    ('11349','10136','2024-08-02 23:00:00','2024-08-03 07:00:00'),
    ('11350','10136','2024-08-05 06:00:00','2024-08-05 14:00:00'),
    ('11351','10136','2024-08-06 13:00:00','2024-08-06 21:00:00'),
    ('11352','10136','2024-08-08 12:00:00','2024-08-08 20:00:00'),
    ('11353','10136','2024-08-10 19:00:00','2024-08-11 03:00:00'),
    ('11354','10136','2024-08-12 02:00:00','2024-08-12 10:00:00'),
    ('11355','10136','2024-08-14 09:00:00','2024-08-14 17:00:00'),
    ('11356','10136','2024-08-16 00:00:00','2024-08-16 08:00:00'),
    ('11357','10136','2024-08-18 15:00:00','2024-08-18 23:00:00'),
    ('11358','10136','2024-08-21 14:00:00','2024-08-21 22:00:00'),
    ('11359','10137','2024-07-17 15:00:00','2024-07-17 23:00:00'),
    ('11360','10137','2024-07-19 14:00:00','2024-07-19 22:00:00'),
    ('11361','10137','2024-07-20 21:00:00','2024-07-21 05:00:00'),
    ('11362','10137','2024-07-23 04:00:00','2024-07-23 12:00:00'),
    ('11363','10137','2024-07-25 19:00:00','2024-07-26 03:00:00'),
    ('11364','10137','2024-07-27 02:00:00','2024-07-27 10:00:00'),
    ('11365','10137','2024-07-29 17:00:00','2024-07-30 01:00:00'),
    ('11366','10137','2024-08-01 08:00:00','2024-08-01 16:00:00'),
    ('11367','10137','2024-08-02 15:00:00','2024-08-02 23:00:00'),
    ('11368','10137','2024-08-05 06:00:00','2024-08-05 14:00:00'),
    ('11369','10137','2024-08-07 13:00:00','2024-08-07 21:00:00'),
    ('11370','10137','2024-08-09 12:00:00','2024-08-09 20:00:00'),
    ('11371','10137','2024-08-10 19:00:00','2024-08-11 03:00:00'),
    ('11372','10138','2024-07-17 07:00:00','2024-07-17 15:00:00'),
    ('11373','10138','2024-07-19 06:00:00','2024-07-19 14:00:00'),
    ('11374','10138','2024-07-21 21:00:00','2024-07-22 05:00:00'),
    ('11375','10138','2024-07-24 12:00:00','2024-07-24 20:00:00'),
    ('11376','10138','2024-07-26 19:00:00','2024-07-27 03:00:00'),
    ('11377','10138','2024-07-29 02:00:00','2024-07-29 10:00:00'),
    ('11378','10138','2024-07-31 01:00:00','2024-07-31 09:00:00'),
    ('11379','10138','2024-08-01 16:00:00','2024-08-02 00:00:00'),
    ('11380','10138','2024-08-04 15:00:00','2024-08-04 23:00:00'),
    ('11381','10138','2024-08-07 06:00:00','2024-08-07 14:00:00'),
    ('11382','10138','2024-08-09 13:00:00','2024-08-09 21:00:00'),
    ('11383','10138','2024-08-11 20:00:00','2024-08-12 04:00:00'),
    ('11384','10138','2024-08-14 11:00:00','2024-08-14 19:00:00'),
    ('11385','10138','2024-08-16 02:00:00','2024-08-16 10:00:00'),
    ('11386','10138','2024-08-18 09:00:00','2024-08-18 17:00:00'),
    ('11387','10139','2024-07-17 23:00:00','2024-07-18 07:00:00'),
    ('11388','10139','2024-07-19 22:00:00','2024-07-20 06:00:00'),
    ('11389','10139','2024-07-21 13:00:00','2024-07-21 21:00:00'),
    ('11390','10139','2024-07-23 04:00:00','2024-07-23 12:00:00'),
    ('11391','10139','2024-07-24 11:00:00','2024-07-24 19:00:00'),
    ('11392','10139','2024-07-25 18:00:00','2024-07-26 02:00:00'),
    ('11393','10139','2024-07-27 17:00:00','2024-07-28 01:00:00'),
    ('11394','10139','2024-07-30 08:00:00','2024-07-30 16:00:00'),
    ('11395','10139','2024-08-01 15:00:00','2024-08-01 23:00:00'),
    ('11396','10139','2024-08-02 22:00:00','2024-08-03 06:00:00'),
    ('11397','10139','2024-08-04 13:00:00','2024-08-04 21:00:00'),
    ('11398','10139','2024-08-06 20:00:00','2024-08-07 04:00:00'),
    ('11399','10139','2024-08-08 11:00:00','2024-08-08 19:00:00'),
    ('11400','10139','2024-08-10 02:00:00','2024-08-10 10:00:00'),
    ('11401','10139','2024-08-13 01:00:00','2024-08-13 09:00:00'),
    ('11402','10140','2024-07-16 23:00:00','2024-07-17 07:00:00'),
    ('11403','10140','2024-07-18 22:00:00','2024-07-19 06:00:00'),
    ('11404','10140','2024-07-20 05:00:00','2024-07-20 13:00:00'),
    ('11405','10140','2024-07-23 04:00:00','2024-07-23 12:00:00'),
    ('11406','10140','2024-07-24 11:00:00','2024-07-24 19:00:00'),
    ('11407','10140','2024-07-27 10:00:00','2024-07-27 18:00:00'),
    ('11408','10140','2024-07-28 17:00:00','2024-07-29 01:00:00'),
    ('11409','10140','2024-07-30 00:00:00','2024-07-30 08:00:00'),
    ('11410','10140','2024-07-31 15:00:00','2024-07-31 23:00:00'),
    ('11411','10140','2024-08-03 14:00:00','2024-08-03 22:00:00'),
    ('11412','10140','2024-08-04 21:00:00','2024-08-05 05:00:00'),
    ('11413','10140','2024-08-07 12:00:00','2024-08-07 20:00:00'),
    ('11414','10140','2024-08-09 19:00:00','2024-08-10 03:00:00'),
    ('11415','10140','2024-08-11 02:00:00','2024-08-11 10:00:00'),
    ('11416','10140','2024-08-13 01:00:00','2024-08-13 09:00:00'),
    ('11417','10140','2024-08-14 16:00:00','2024-08-15 00:00:00'),
    ('11418','10140','2024-08-16 23:00:00','2024-08-17 07:00:00'),
    ('11419','10140','2024-08-18 22:00:00','2024-08-19 06:00:00'),
    ('11420','10141','2024-07-17 23:00:00','2024-07-18 07:00:00'),
    ('11421','10141','2024-07-20 06:00:00','2024-07-20 14:00:00'),
    ('11422','10141','2024-07-22 13:00:00','2024-07-22 21:00:00'),
    ('11423','10141','2024-07-24 04:00:00','2024-07-24 12:00:00'),
    ('11424','10141','2024-07-25 11:00:00','2024-07-25 19:00:00'),
    ('11425','10141','2024-07-27 02:00:00','2024-07-27 10:00:00'),
    ('11426','10141','2024-07-29 09:00:00','2024-07-29 17:00:00'),
    ('11427','10141','2024-08-01 08:00:00','2024-08-01 16:00:00'),
    ('11428','10141','2024-08-03 15:00:00','2024-08-03 23:00:00'),
    ('11429','10141','2024-08-05 14:00:00','2024-08-05 22:00:00'),
    ('11430','10141','2024-08-08 13:00:00','2024-08-08 21:00:00'),
    ('11431','10141','2024-08-11 04:00:00','2024-08-11 12:00:00'),
    ('11432','10141','2024-08-12 11:00:00','2024-08-12 19:00:00');
